{
"type": "FeatureCollection",
"name": "hex",
"features": [
{ "type": "Feature", "properties": { "fid": 1, "h3_id": "898e62c1577ffff", "total_orders": 3163500 }, "geometry": { "type": "Polygon", "coordinates": [ [ [ -77.117278385200606, -12.031098154351801 ], [ -77.118441179233002, -12.032710500765999 ], [ -77.117607698555204, -12.0345017404542 ], [ -77.115611420508699, -12.034680618729499 ], [ -77.114448646565805, -12.033068269121699 ], [ -77.115282130578606, -12.0312770444324 ], [ -77.117278385200606, -12.031098154351801 ] ] ] } },
{ "type": "Feature", "properties": { "fid": 2, "h3_id": "898e62c5643ffff", "total_orders": 1830800 }, "geometry": { "type": "Polygon", "coordinates": [ [ [ -77.029023804251295, -12.1179338674732 ], [ -77.030186060379094, -12.1195463175334 ], [ -77.0293521615082, -12.1213366338635 ], [ -77.027356003321501, -12.121514485098899 ], [ -77.026193767464306, -12.1199020319974 ], [ -77.0270276695219, -12.1181117307019 ], [ -77.029023804251295, -12.1179338674732 ] ] ] } },
{ "type": "Feature", "properties": { "fid": 3, "h3_id": "898e62c564bffff", "total_orders": 1743532 }, "geometry": { "type": "Polygon", "coordinates": [ [ [ -77.0321822275871, -12.1193684366831 ], [ -77.033344519379796, -12.1209808841502 ], [ -77.032510623700901, -12.1227712155098 ], [ -77.030514433036103, -12.1229490843729 ], [ -77.0293521615082, -12.1213366338635 ], [ -77.030186060379094, -12.1195463175334 ], [ -77.0321822275871, -12.1193684366831 ] ] ] } },
{ "type": "Feature", "properties": { "fid": 4, "h3_id": "898e62c150fffff", "total_orders": 1738732 }, "geometry": { "type": "Polygon", "coordinates": [ [ [ -77.116949079203593, -12.0276945577265 ], [ -77.118111857845307, -12.029306903497901 ], [ -77.117278385200606, -12.031098154351801 ], [ -77.115282130578606, -12.0312770444324 ], [ -77.114119372026707, -12.0296646954643 ], [ -77.1149528480057, -12.027873459612399 ], [ -77.116949079203593, -12.0276945577265 ] ] ] } },
{ "type": "Feature", "properties": { "fid": 5, "h3_id": "898e62c7067ffff", "total_orders": 1646198 }, "geometry": { "type": "Polygon", "coordinates": [ [ [ -76.974358002312499, -12.0833353895488 ], [ -76.975519605061194, -12.0849478802139 ], [ -76.974685676953897, -12.0867379746902 ], [ -76.972690143003604, -12.086915563373401 ], [ -76.971528560626496, -12.085303069677201 ], [ -76.9723624918268, -12.083512990329201 ], [ -76.974358002312499, -12.0833353895488 ] ] ] } },
{ "type": "Feature", "properties": { "fid": 6, "h3_id": "898e62c724fffff", "total_orders": 1548437 }, "geometry": { "type": "Polygon", "coordinates": [ [ [ -77.004948392620506, -12.0874750148548 ], [ -77.006110306544201, -12.0890874794365 ], [ -77.005276433846902, -12.0908777593172 ], [ -77.003280644079496, -12.091055559528099 ], [ -77.002118750468995, -12.089443091895101 ], [ -77.002952626311398, -12.0876528271026 ], [ -77.004948392620506, -12.0874750148548 ] ] ] } },
{ "type": "Feature", "properties": { "fid": 7, "h3_id": "898e62c083bffff", "total_orders": 1455434 }, "geometry": { "type": "Polygon", "coordinates": [ [ [ -77.034886551264805, -12.084805946266499 ], [ -77.0360487449869, -12.0864183830728 ], [ -77.035214944309402, -12.0882088708033 ], [ -77.033218946712594, -12.0883869066732 ], [ -77.032056773245699, -12.0867744667895 ], [ -77.032890577119204, -12.084983994113401 ], [ -77.034886551264805, -12.084805946266499 ] ] ] } },
{ "type": "Feature", "properties": { "fid": 8, "h3_id": "898e62c564fffff", "total_orders": 1438185 }, "geometry": { "type": "Polygon", "coordinates": [ [ [ -77.0293521615082, -12.1213366338635 ], [ -77.030514433036103, -12.1229490843729 ], [ -77.029680526108095, -12.1247393891559 ], [ -77.027684344463594, -12.1249172283981 ], [ -77.026522093206196, -12.1233047748504 ], [ -77.027356003321501, -12.121514485098899 ], [ -77.0293521615082, -12.1213366338635 ] ] ] } },
{ "type": "Feature", "properties": { "fid": 9, "h3_id": "898e62c1d57ffff", "total_orders": 1348231 }, "geometry": { "type": "Polygon", "coordinates": [ [ [ -77.085295075274502, -12.0751555576069 ], [ -77.086457720222199, -12.076767945457799 ], [ -77.085624055131902, -12.078558802467899 ], [ -77.083627741811199, -12.0787372566254 ], [ -77.082465117020305, -12.077124865648001 ], [ -77.083298785392003, -12.0753340236396 ], [ -77.085295075274502, -12.0751555576069 ] ] ] } },
{ "type": "Feature", "properties": { "fid": 10, "h3_id": "898e62d190fffff", "total_orders": 1336544 }, "geometry": { "type": "Polygon", "coordinates": [ [ [ -77.065827282623502, -11.936150301126901 ], [ -77.066989240912505, -11.9377626625401 ], [ -77.066155890936997, -11.939553933675199 ], [ -77.064160579425703, -11.939732828259199 ], [ -77.062998641313598, -11.9381204636021 ], [ -77.063831994534695, -11.936329207604899 ], [ -77.065827282623502, -11.936150301126901 ] ] ] } },
{ "type": "Feature", "properties": { "fid": 11, "h3_id": "898e62c2223ffff", "total_orders": 1332937 }, "geometry": { "type": "Polygon", "coordinates": [ [ [ -77.064770301175102, -11.9877398827037 ], [ -77.065932434493902, -11.9893522638106 ], [ -77.065098949362095, -11.991143329430299 ], [ -77.063103327665502, -11.991321998845899 ], [ -77.061941214532197, -11.989709614545299 ], [ -77.062774702908797, -11.9879185640229 ], [ -77.064770301175102, -11.9877398827037 ] ] ] } },
{ "type": "Feature", "properties": { "fid": 12, "h3_id": "898e62c04a7ffff", "total_orders": 1312793 }, "geometry": { "type": "Polygon", "coordinates": [ [ [ -77.060426510523499, -12.005292832644701 ], [ -77.061588665018704, -12.006905223444701 ], [ -77.060755125137305, -12.0086961923929 ], [ -77.058759427521693, -12.008874755452799 ], [ -77.0575972932225, -12.007262361479199 ], [ -77.058430836341699, -12.0054714076194 ], [ -77.060426510523499, -12.005292832644701 ] ] ] } },
{ "type": "Feature", "properties": { "fid": 13, "h3_id": "898e62c222fffff", "total_orders": 1309735 }, "geometry": { "type": "Polygon", "coordinates": [ [ [ -77.065098949362095, -11.991143329430299 ], [ -77.066261098068196, -11.992755711389 ], [ -77.065427604893799, -11.994546765953899 ], [ -77.063431959766405, -11.9947254234661 ], [ -77.062269831245601, -11.9931130383167 ], [ -77.063103327665502, -11.991321998845899 ], [ -77.065098949362095, -11.991143329430299 ] ] ] } },
{ "type": "Feature", "properties": { "fid": 14, "h3_id": "898e62c0c1bffff", "total_orders": 1299510 }, "geometry": { "type": "Polygon", "coordinates": [ [ [ -77.037918716474294, -12.053644579435 ], [ -77.03908082753, -12.055257005137801 ], [ -77.038247113784394, -12.0570476366017 ], [ -77.036251285781205, -12.0572258272868 ], [ -77.035089194970993, -12.055613398474399 ], [ -77.035922911917098, -12.0538227820867 ], [ -77.037918716474294, -12.053644579435 ] ] ] } },
{ "type": "Feature", "properties": { "fid": 15, "h3_id": "898e62c0807ffff", "total_orders": 1126732 }, "geometry": { "type": "Polygon", "coordinates": [ [ [ -77.0345581655627, -12.081403010886101 ], [ -77.0357203438883, -12.083015447124099 ], [ -77.034886551264805, -12.084805946266499 ], [ -77.032890577119204, -12.084983994113401 ], [ -77.031728419049102, -12.083371554795001 ], [ -77.032562214867895, -12.081581070710101 ], [ -77.0345581655627, -12.081403010886101 ] ] ] } },
{ "type": "Feature", "properties": { "fid": 16, "h3_id": "898e62c0803ffff", "total_orders": 1082442 }, "geometry": { "type": "Polygon", "coordinates": [ [ [ -77.037387909828396, -12.0794344109837 ], [ -77.038550108403697, -12.0810468441372 ], [ -77.037716327034303, -12.0828373697352 ], [ -77.0357203438883, -12.083015447124099 ], [ -77.0345581655627, -12.081403010886101 ], [ -77.035391950132194, -12.079612500343901 ], [ -77.037387909828396, -12.0794344109837 ] ] ] } },
{ "type": "Feature", "properties": { "fid": 17, "h3_id": "898e62c5163ffff", "total_orders": 1061628 }, "geometry": { "type": "Polygon", "coordinates": [ [ [ -76.984070811297599, -12.1528201347059 ], [ -76.985232757813705, -12.1544326333341 ], [ -76.984398671450407, -12.1562225114369 ], [ -76.982402635458797, -12.1563998758516 ], [ -76.981240709304302, -12.1547873742508 ], [ -76.982074798778498, -12.152997511208101 ], [ -76.984070811297599, -12.1528201347059 ] ] ] } },
{ "type": "Feature", "properties": { "fid": 18, "h3_id": "898e62c7243ffff", "total_orders": 1003147 }, "geometry": { "type": "Polygon", "coordinates": [ [ [ -77.004620358730193, -12.0840722595513 ], [ -77.005782257256996, -12.0856847235335 ], [ -77.004948392620506, -12.0874750148548 ], [ -77.002952626311398, -12.0876528271026 ], [ -77.001790748098102, -12.0860403600661 ], [ -77.0026246158791, -12.084250083836199 ], [ -77.004620358730193, -12.0840722595513 ] ] ] } },
{ "type": "Feature", "properties": { "fid": 19, "h3_id": "898e62c05d3ffff", "total_orders": 999201 }, "geometry": { "type": "Polygon", "coordinates": [ [ [ -77.0575972932225, -12.007262361479199 ], [ -77.058759427521693, -12.008874755452799 ], [ -77.057925876357302, -12.0106656981949 ], [ -77.055930187659499, -12.0108442318735 ], [ -77.054768073562101, -12.0092318347305 ], [ -77.055601627959504, -12.0074409070785 ], [ -77.0575972932225, -12.007262361479199 ] ] ] } },
{ "type": "Feature", "properties": { "fid": 20, "h3_id": "898e62c7477ffff", "total_orders": 992923 }, "geometry": { "type": "Polygon", "coordinates": [ [ [ -76.971736869021299, -12.0561143220212 ], [ -76.972898348605199, -12.057726807101901 ], [ -76.972064485033698, -12.0595169928018 ], [ -76.970069138788901, -12.059694678267499 ], [ -76.968907679578294, -12.058082190131801 ], [ -76.969741546237898, -12.0562920195855 ], [ -76.971736869021299, -12.0561143220212 ] ] ] } },
{ "type": "Feature", "properties": { "fid": 21, "h3_id": "898e62c1d1bffff", "total_orders": 967663 }, "geometry": { "type": "Polygon", "coordinates": [ [ [ -77.082136175996496, -12.0737216331926 ], [ -77.083298785392003, -12.0753340236396 ], [ -77.082465117020305, -12.077124865648001 ], [ -77.080468835975694, -12.0773033022029 ], [ -77.079306246742803, -12.0756909086306 ], [ -77.0801399183906, -12.0739000816288 ], [ -77.082136175996496, -12.0737216331926 ] ] ] } },
{ "type": "Feature", "properties": { "fid": 22, "h3_id": "898e62c0c3bffff", "total_orders": 948146 }, "geometry": { "type": "Polygon", "coordinates": [ [ [ -77.032588005528694, -12.0609851722472 ], [ -77.033750091482105, -12.062597604818899 ], [ -77.032916347180901, -12.064388172179401 ], [ -77.030920513733605, -12.064566291891699 ], [ -77.029758448037001, -12.062953856221601 ], [ -77.030592195529707, -12.0611633039377 ], [ -77.032588005528694, -12.0609851722472 ] ] ] } },
{ "type": "Feature", "properties": { "fid": 23, "h3_id": "898e62ce5b3ffff", "total_orders": 938772 }, "geometry": { "type": "Polygon", "coordinates": [ [ [ -77.032510623700901, -12.1227712155098 ], [ -77.033672930893701, -12.124383663416801 ], [ -77.032839027158303, -12.126173983226201 ], [ -77.030842813036202, -12.126351840102201 ], [ -77.029680526108095, -12.1247393891559 ], [ -77.030514433036103, -12.1229490843729 ], [ -77.032510623700901, -12.1227712155098 ] ] ] } },
{ "type": "Feature", "properties": { "fid": 24, "h3_id": "898e62c0c0bffff", "total_orders": 923324 }, "geometry": { "type": "Polygon", "coordinates": [ [ [ -77.038247113784394, -12.0570476366017 ], [ -77.039409240233894, -12.0586600629643 ], [ -77.038575518436303, -12.0604506831185 ], [ -77.036579666986796, -12.0606288618373 ], [ -77.035417560782506, -12.0590164323681 ], [ -77.036251285781205, -12.0572258272868 ], [ -77.038247113784394, -12.0570476366017 ] ] ] } },
{ "type": "Feature", "properties": { "fid": 25, "h3_id": "898e62c706bffff", "total_orders": 921063 }, "geometry": { "type": "Polygon", "coordinates": [ [ [ -76.980344617511193, -12.082802492980401 ], [ -76.981506276382703, -12.084414978220099 ], [ -76.9806723625437, -12.0862051143896 ], [ -76.978676786728698, -12.0863827501981 ], [ -76.977515148217194, -12.084770261922101 ], [ -76.978349065159406, -12.0829801408742 ], [ -76.980344617511193, -12.082802492980401 ] ] ] } },
{ "type": "Feature", "properties": { "fid": 26, "h3_id": "898e62c2d4bffff", "total_orders": 908951 }, "geometry": { "type": "Polygon", "coordinates": [ [ [ -77.000890199455895, -12.0140462909593 ], [ -77.002051810423197, -12.0156587372645 ], [ -77.001218118177704, -12.017449281205 ], [ -76.999222811826797, -12.0176273636876 ], [ -76.998061221171398, -12.016014914264201 ], [ -76.998894916553695, -12.014224385476499 ], [ -77.000890199455895, -12.0140462909593 ] ] ] } },
{ "type": "Feature", "properties": { "fid": 27, "h3_id": "898e62c0ea3ffff", "total_orders": 906503 }, "geometry": { "type": "Polygon", "coordinates": [ [ [ -77.048049799760605, -12.064753315354301 ], [ -77.049212048487803, -12.0663657349253 ], [ -77.048378328275902, -12.0681563889374 ], [ -77.046382356117505, -12.0683346083238 ], [ -77.045220127617597, -12.0667221856457 ], [ -77.046053851047503, -12.0649315466885 ], [ -77.048049799760605, -12.064753315354301 ] ] ] } },
{ "type": "Feature", "properties": { "fid": 28, "h3_id": "898e62c0c2bffff", "total_orders": 902753 }, "geometry": { "type": "Polygon", "coordinates": [ [ [ -77.032916347180901, -12.064388172179401 ], [ -77.034078448528803, -12.0660006053927 ], [ -77.033244696174194, -12.0677911614137 ], [ -77.031248839278206, -12.067969269148 ], [ -77.030086758186798, -12.0663568328393 ], [ -77.030920513733605, -12.064566291891699 ], [ -77.032916347180901, -12.064388172179401 ] ] ] } },
{ "type": "Feature", "properties": { "fid": 29, "h3_id": "898e62ce5b7ffff", "total_orders": 877133 }, "geometry": { "type": "Polygon", "coordinates": [ [ [ -77.029680526108095, -12.1247393891559 ], [ -77.030842813036202, -12.126351840102201 ], [ -77.030008898050994, -12.128142133326 ], [ -77.028012692948394, -12.1283199605754 ], [ -77.026850426290494, -12.1267075065937 ], [ -77.027684344463594, -12.1249172283981 ], [ -77.029680526108095, -12.1247393891559 ] ] ] } },
{ "type": "Feature", "properties": { "fid": 30, "h3_id": "898e62ce597ffff", "total_orders": 866756 }, "geometry": { "type": "Polygon", "coordinates": [ [ [ -77.035012291429197, -12.1174001833266 ], [ -77.036174603480902, -12.1190126277472 ], [ -77.035340719055199, -12.1208029856728 ], [ -77.033344519379796, -12.1209808841502 ], [ -77.0321822275871, -12.1193684366831 ], [ -77.033016115209605, -12.117578093785299 ], [ -77.035012291429197, -12.1174001833266 ] ] ] } },
{ "type": "Feature", "properties": { "fid": 31, "h3_id": "898e62c5277ffff", "total_orders": 865031 }, "geometry": { "type": "Polygon", "coordinates": [ [ [ -77.022831680405801, -12.1476568279262 ], [ -77.023993983515695, -12.149269289922699 ], [ -77.023159994506898, -12.1510594452158 ], [ -77.021163699210206, -12.1512371234946 ], [ -77.020001416386606, -12.149624658490101 ], [ -77.020835408572097, -12.1478345182148 ], [ -77.022831680405801, -12.1476568279262 ] ] ] } },
{ "type": "Feature", "properties": { "fid": 32, "h3_id": "898e62c0c6fffff", "total_orders": 863766 }, "geometry": { "type": "Polygon", "coordinates": [ [ [ -77.039232349766806, -12.067256744105601 ], [ -77.040394522399794, -12.068869172374299 ], [ -77.039560776445796, -12.070659758527199 ], [ -77.037564854654505, -12.070837901348 ], [ -77.036402702266201, -12.0692254699816 ], [ -77.037236451423198, -12.0674348988922 ], [ -77.039232349766806, -12.067256744105601 ] ] ] } },
{ "type": "Feature", "properties": { "fid": 33, "h3_id": "898e62c235bffff", "total_orders": 840155 }, "geometry": { "type": "Polygon", "coordinates": [ [ [ -77.062269831245601, -11.9931130383167 ], [ -77.063431959766405, -11.9947254234661 ], [ -77.062598455303004, -11.9965164518731 ], [ -77.060602819076806, -11.9966950800349 ], [ -77.059440710746898, -11.995082691698901 ], [ -77.060274218450999, -11.9932916783878 ], [ -77.062269831245601, -11.9931130383167 ] ] ] } },
{ "type": "Feature", "properties": { "fid": 34, "h3_id": "898e62c0813ffff", "total_orders": 813696 }, "geometry": { "type": "Polygon", "coordinates": [ [ [ -77.037059499965295, -12.076031441424799 ], [ -77.038221683144599, -12.0776438739948 ], [ -77.037387909828396, -12.0794344109837 ], [ -77.035391950132194, -12.079612500343901 ], [ -77.034229787202804, -12.0780000646863 ], [ -77.035063563718495, -12.076209542756301 ], [ -77.037059499965295, -12.076031441424799 ] ] ] } },
{ "type": "Feature", "properties": { "fid": 35, "h3_id": "898e62c0cc7ffff", "total_orders": 812710 }, "geometry": { "type": "Polygon", "coordinates": [ [ [ -77.037590326505907, -12.050241511642801 ], [ -77.038752422168102, -12.051853936673499 ], [ -77.037918716474294, -12.053644579435 ], [ -77.035922911917098, -12.0538227820867 ], [ -77.034760836500595, -12.0522103539434 ], [ -77.035594545394304, -12.050419726261101 ], [ -77.037590326505907, -12.050241511642801 ] ] ] } },
{ "type": "Feature", "properties": { "fid": 36, "h3_id": "898e62c56cfffff", "total_orders": 807989 }, "geometry": { "type": "Polygon", "coordinates": [ [ [ -77.025537138006896, -12.113096513059199 ], [ -77.026699343064607, -12.1147089652315 ], [ -77.025865449064597, -12.1164992780589 ], [ -77.023869346825094, -12.1166771236713 ], [ -77.022707162044199, -12.115064668455901 ], [ -77.023541059224797, -12.113274370671199 ], [ -77.025537138006896, -12.113096513059199 ] ] ] } },
{ "type": "Feature", "properties": { "fid": 37, "h3_id": "898e62c09c7ffff", "total_orders": 788123 }, "geometry": { "type": "Polygon", "coordinates": [ [ [ -77.020081189972203, -12.087842340967899 ], [ -77.021243251566403, -12.089454792001501 ], [ -77.020409410790904, -12.091245170149699 ], [ -77.018413505249001, -12.091423082194501 ], [ -77.017251463939004, -12.089810628098 ], [ -77.0180853078854, -12.088020265019599 ], [ -77.020081189972203, -12.087842340967899 ] ] ] } },
{ "type": "Feature", "properties": { "fid": 38, "h3_id": "898e62c565bffff", "total_orders": 786768 }, "geometry": { "type": "Polygon", "coordinates": [ [ [ -77.031853838816801, -12.1159656467704 ], [ -77.033016115209605, -12.117578093785299 ], [ -77.0321822275871, -12.1193684366831 ], [ -77.030186060379094, -12.1195463175334 ], [ -77.029023804251295, -12.1179338674732 ], [ -77.029857695065203, -12.1161435396081 ], [ -77.031853838816801, -12.1159656467704 ] ] ] } },
{ "type": "Feature", "properties": { "fid": 39, "h3_id": "898e62c0817ffff", "total_orders": 777143 }, "geometry": { "type": "Polygon", "coordinates": [ [ [ -77.034229787202804, -12.0780000646863 ], [ -77.035391950132194, -12.079612500343901 ], [ -77.0345581655627, -12.081403010886101 ], [ -77.032562214867895, -12.081581070710101 ], [ -77.031400072194103, -12.0799686319692 ], [ -77.032233859958296, -12.078178136487701 ], [ -77.034229787202804, -12.0780000646863 ] ] ] } },
{ "type": "Feature", "properties": { "fid": 40, "h3_id": "898e62c081bffff", "total_orders": 770778 }, "geometry": { "type": "Polygon", "coordinates": [ [ [ -77.040217651832407, -12.0774657551051 ], [ -77.041379870651696, -12.0790781851699 ], [ -77.040546100540396, -12.080868737212899 ], [ -77.038550108403697, -12.0810468441372 ], [ -77.037387909828396, -12.0794344109837 ], [ -77.038221683144599, -12.0776438739948 ], [ -77.040217651832407, -12.0774657551051 ] ] ] } },
{ "type": "Feature", "properties": { "fid": 41, "h3_id": "898e62c0943ffff", "total_orders": 769285 }, "geometry": { "type": "Polygon", "coordinates": [ [ [ -77.0267255090356, -12.0941141940405 ], [ -77.027887657372304, -12.095726640613901 ], [ -77.027053814898395, -12.097517037436001 ], [ -77.025057820904195, -12.097694972628201 ], [ -77.023895692839503, -12.096082522992599 ], [ -77.024729538495706, -12.0942921412272 ], [ -77.0267255090356, -12.0941141940405 ] ] ] } },
{ "type": "Feature", "properties": { "fid": 42, "h3_id": "898e62c1d0bffff", "total_orders": 766330 }, "geometry": { "type": "Polygon", "coordinates": [ [ [ -77.082465117020305, -12.077124865648001 ], [ -77.083627741811199, -12.0787372566254 ], [ -77.0827940653963, -12.0805280872799 ], [ -77.080797760912503, -12.080706511953601 ], [ -77.079635156283999, -12.0790941178539 ], [ -77.080468835975694, -12.0773033022029 ], [ -77.082465117020305, -12.077124865648001 ] ] ] } },
{ "type": "Feature", "properties": { "fid": 43, "h3_id": "898e62c082bffff", "total_orders": 762598 }, "geometry": { "type": "Polygon", "coordinates": [ [ [ -77.035214944309402, -12.0882088708033 ], [ -77.036377153428305, -12.0898213081656 ], [ -77.035543344696606, -12.0916117844721 ], [ -77.033547323648193, -12.0917898083653 ], [ -77.032385134784306, -12.090177367928501 ], [ -77.033218946712594, -12.0883869066732 ], [ -77.035214944309402, -12.0882088708033 ] ] ] } },
{ "type": "Feature", "properties": { "fid": 44, "h3_id": "898e62c5167ffff", "total_orders": 754609 }, "geometry": { "type": "Polygon", "coordinates": [ [ [ -76.981240709304302, -12.1547873742508 ], [ -76.982402635458797, -12.1563998758516 ], [ -76.981568537915294, -12.158189727196101 ], [ -76.979572511109893, -12.1583670618782 ], [ -76.978410605322793, -12.1567545573091 ], [ -76.979244705972405, -12.154964721026399 ], [ -76.981240709304302, -12.1547873742508 ] ] ] } },
{ "type": "Feature", "properties": { "fid": 45, "h3_id": "898e62c540bffff", "total_orders": 752957 }, "geometry": { "type": "Polygon", "coordinates": [ [ [ -77.000929070508903, -12.1084244910513 ], [ -77.002091020792093, -12.1100369645158 ], [ -77.001257085372899, -12.111827133837799 ], [ -76.999261196530597, -12.1120048146194 ], [ -76.998099266571103, -12.1103923381268 ], [ -76.998933205129006, -12.1086021838808 ], [ -77.000929070508903, -12.1084244910513 ] ] ] } },
{ "type": "Feature", "properties": { "fid": 46, "h3_id": "898e62c1d43ffff", "total_orders": 750001 }, "geometry": { "type": "Polygon", "coordinates": [ [ [ -77.088454042370003, -12.076589461823099 ], [ -77.089616722864093, -12.0782018470677 ], [ -77.088783061060695, -12.079992719074401 ], [ -77.086786715475199, -12.08017119084 ], [ -77.085624055131902, -12.078558802467899 ], [ -77.086457720222199, -12.076767945457799 ], [ -77.088454042370003, -12.076589461823099 ] ] ] } },
{ "type": "Feature", "properties": { "fid": 47, "h3_id": "898e62c0e73ffff", "total_orders": 741009 }, "geometry": { "type": "Polygon", "coordinates": [ [ [ -77.060683127072096, -12.0704898777102 ], [ -77.061845518229404, -12.0721022872172 ], [ -77.061011810943199, -12.0738930013993 ], [ -77.059015709258901, -12.0740712910395 ], [ -77.057853338305193, -12.0724588784211 ], [ -77.058687048830905, -12.070668179274 ], [ -77.060683127072096, -12.0704898777102 ] ] ] } },
{ "type": "Feature", "properties": { "fid": 48, "h3_id": "898e62c2353ffff", "total_orders": 739251 }, "geometry": { "type": "Polygon", "coordinates": [ [ [ -77.059112125508904, -11.991679290897601 ], [ -77.060274218450999, -11.9932916783878 ], [ -77.059440710746898, -11.995082691698901 ], [ -77.057445106864094, -11.9952613024189 ], [ -77.056283034118806, -11.9936489117432 ], [ -77.057116545058193, -11.991857913533099 ], [ -77.059112125508904, -11.991679290897601 ] ] ] } },
{ "type": "Feature", "properties": { "fid": 49, "h3_id": "898e62c0aabffff", "total_orders": 732341 }, "geometry": { "type": "Polygon", "coordinates": [ [ [ -77.053508155342698, -12.090008862411199 ], [ -77.054670547457405, -12.0916212834137 ], [ -77.053836774119404, -12.0934118727975 ], [ -77.051840605437604, -12.0935900261511 ], [ -77.050678233542897, -12.091977602061499 ], [ -77.051512010108596, -12.0901870277055 ], [ -77.053508155342698, -12.090008862411199 ] ] ] } },
{ "type": "Feature", "properties": { "fid": 50, "h3_id": "898e62c0c77ffff", "total_orders": 731432 }, "geometry": { "type": "Polygon", "coordinates": [ [ [ -77.035745933935402, -12.062419455600001 ], [ -77.036908055533999, -12.0640318857139 ], [ -77.036074314429897, -12.065822468145999 ], [ -77.034078448528803, -12.0660006053927 ], [ -77.032916347180901, -12.064388172179401 ], [ -77.033750091482105, -12.062597604818899 ], [ -77.035745933935402, -12.062419455600001 ] ] ] } },
{ "type": "Feature", "properties": { "fid": 51, "h3_id": "898e62c2227ffff", "total_orders": 730431 }, "geometry": { "type": "Polygon", "coordinates": [ [ [ -77.061941214532197, -11.989709614545299 ], [ -77.063103327665502, -11.991321998845899 ], [ -77.062269831245601, -11.9931130383167 ], [ -77.060274218450999, -11.9932916783878 ], [ -77.059112125508904, -11.991679290897601 ], [ -77.059945625168893, -11.989888266526 ], [ -77.061941214532197, -11.989709614545299 ] ] ] } },
{ "type": "Feature", "properties": { "fid": 52, "h3_id": "898e62c0827ffff", "total_orders": 713912 }, "geometry": { "type": "Polygon", "coordinates": [ [ [ -77.0292269929908, -12.0887429312869 ], [ -77.030389146196697, -12.090355374244 ], [ -77.029555323021796, -12.092145809013401 ], [ -77.027559343453206, -12.0923237857677 ], [ -77.026397210513906, -12.0907113397414 ], [ -77.027231036875193, -12.0889209200301 ], [ -77.0292269929908, -12.0887429312869 ] ] ] } },
{ "type": "Feature", "properties": { "fid": 53, "h3_id": "898e62c56cbffff", "total_orders": 712674 }, "geometry": { "type": "Polygon", "coordinates": [ [ [ -77.028367111765306, -12.111128301496199 ], [ -77.029529337094104, -12.112740750621301 ], [ -77.028695454337097, -12.1145310900094 ], [ -77.026699343064607, -12.1147089652315 ], [ -77.025537138006896, -12.113096513059199 ], [ -77.026371023949295, -12.111306188712 ], [ -77.028367111765306, -12.111128301496199 ] ] ] } },
{ "type": "Feature", "properties": { "fid": 54, "h3_id": "898e62c567bffff", "total_orders": 710925 }, "geometry": { "type": "Polygon", "coordinates": [ [ [ -77.026522093206196, -12.1233047748504 ], [ -77.027684344463594, -12.1249172283981 ], [ -77.026850426290494, -12.1267075065937 ], [ -77.024854253676196, -12.126885316208501 ], [ -77.023692022695002, -12.125272859626699 ], [ -77.024525944050595, -12.123482596464299 ], [ -77.026522093206196, -12.1233047748504 ] ] ] } },
{ "type": "Feature", "properties": { "fid": 55, "h3_id": "898e62c0953ffff", "total_orders": 701686 }, "geometry": { "type": "Polygon", "coordinates": [ [ [ -77.026397210513906, -12.0907113397414 ], [ -77.027559343453206, -12.0923237857677 ], [ -77.0267255090356, -12.0941141940405 ], [ -77.024729538495706, -12.0942921412272 ], [ -77.023567425828801, -12.0926796921357 ], [ -77.024401263428004, -12.0908892989228 ], [ -77.026397210513906, -12.0907113397414 ] ] ] } },
{ "type": "Feature", "properties": { "fid": 56, "h3_id": "898e62c0c8bffff", "total_orders": 699791 }, "geometry": { "type": "Polygon", "coordinates": [ [ [ -77.034432485371198, -12.048807298799201 ], [ -77.035594545394304, -12.050419726261101 ], [ -77.034760836500595, -12.0522103539434 ], [ -77.032765064388002, -12.0523885390795 ], [ -77.031603024616501, -12.050776108506099 ], [ -77.032436736704696, -12.0489854959081 ], [ -77.034432485371198, -12.048807298799201 ] ] ] } },
{ "type": "Feature", "properties": { "fid": 57, "h3_id": "898e62c23cbffff", "total_orders": 682568 }, "geometry": { "type": "Polygon", "coordinates": [ [ [ -77.058783547614198, -11.9882758798938 ], [ -77.059945625168893, -11.989888266526 ], [ -77.059112125508904, -11.991679290897601 ], [ -77.057116545058193, -11.991857913533099 ], [ -77.055954487700703, -11.990245523712399 ], [ -77.056787990595396, -11.9884545144449 ], [ -77.058783547614198, -11.9882758798938 ] ] ] } },
{ "type": "Feature", "properties": { "fid": 58, "h3_id": "898e62c5687ffff", "total_orders": 680342 }, "geometry": { "type": "Polygon", "coordinates": [ [ [ -77.013232710149893, -12.1107607186728 ], [ -77.014394787866905, -12.112373181543401 ], [ -77.013560873116802, -12.114163422651099 ], [ -77.011564877488595, -12.114341185829099 ], [ -77.010402820071704, -12.112728719922901 ], [ -77.011236737981605, -12.110938493874499 ], [ -77.013232710149893, -12.1107607186728 ] ] ] } },
{ "type": "Feature", "properties": { "fid": 59, "h3_id": "898e62c098bffff", "total_orders": 679142 }, "geometry": { "type": "Polygon", "coordinates": [ [ [ -77.016923281972396, -12.086407811497899 ], [ -77.0180853078854, -12.088020265019599 ], [ -77.017251463939004, -12.089810628098 ], [ -77.015255590912901, -12.089988522580001 ], [ -77.014093585289999, -12.088376065996499 ], [ -77.014927432401805, -12.0865857179929 ], [ -77.016923281972396, -12.086407811497899 ] ] ] } },
{ "type": "Feature", "properties": { "fid": 60, "h3_id": "898e62c2363ffff", "total_orders": 663892 }, "geometry": { "type": "Polygon", "coordinates": [ [ [ -77.054110992283398, -12.002425176447501 ], [ -77.055273075602798, -12.004037571972001 ], [ -77.054439529251198, -12.0058285107387 ], [ -77.052443896351903, -12.006007038882601 ], [ -77.051281833240395, -12.004394640186799 ], [ -77.052115382818997, -12.0026037165185 ], [ -77.054110992283398, -12.002425176447501 ] ] ] } },
{ "type": "Feature", "properties": { "fid": 61, "h3_id": "898e62c5563ffff", "total_orders": 659722 }, "geometry": { "type": "Polygon", "coordinates": [ [ [ -76.981775995584997, -12.129003182887899 ], [ -76.982937834284897, -12.1306156784492 ], [ -76.982103804400097, -12.132405638124199 ], [ -76.980107932707597, -12.132583087155901 ], [ -76.9789461143708, -12.130970588601199 ], [ -76.979780147362106, -12.1291806440084 ], [ -76.981775995584997, -12.129003182887899 ] ] ] } },
{ "type": "Feature", "properties": { "fid": 62, "h3_id": "898e62c0c87ffff", "total_orders": 652098 }, "geometry": { "type": "Polygon", "coordinates": [ [ [ -77.028445280838895, -12.049341843138899 ], [ -77.029607284959695, -12.050954276132099 ], [ -77.028773561628697, -12.0527448623528 ], [ -77.026777830991307, -12.0529230004894 ], [ -77.025615847133807, -12.05131056439 ], [ -77.026449573649103, -12.049519993260301 ], [ -77.028445280838895, -12.049341843138899 ] ] ] } },
{ "type": "Feature", "properties": { "fid": 63, "h3_id": "898e62c5657ffff", "total_orders": 638961 }, "geometry": { "type": "Polygon", "coordinates": [ [ [ -77.025865449064597, -12.1164992780589 ], [ -77.0270276695219, -12.1181117307019 ], [ -77.026193767464306, -12.1199020319974 ], [ -77.024197641767003, -12.120079865610499 ], [ -77.023035441586302, -12.1184674099273 ], [ -77.023869346825094, -12.1166771236713 ], [ -77.025865449064597, -12.1164992780589 ] ] ] } },
{ "type": "Feature", "properties": { "fid": 64, "h3_id": "898e62c2267ffff", "total_orders": 637304 }, "geometry": { "type": "Polygon", "coordinates": [ [ [ -77.071085896868794, -11.9906072276278 ], [ -77.072248101315594, -11.992219604038199 ], [ -77.071414622689701, -11.994010699837601 ], [ -77.069418936360094, -11.9941894041394 ], [ -77.068256752086995, -11.992577024533 ], [ -77.069090233968495, -11.990785943820899 ], [ -77.071085896868794, -11.9906072276278 ] ] ] } },
{ "type": "Feature", "properties": { "fid": 65, "h3_id": "898e62ce5a7ffff", "total_orders": 633597 }, "geometry": { "type": "Polygon", "coordinates": [ [ [ -77.030008898050994, -12.128142133326 ], [ -77.031171200379902, -12.129754584697199 ], [ -77.030337277337395, -12.131544866349801 ], [ -77.028341048776198, -12.1317226816063 ], [ -77.027178766717398, -12.1301102272029 ], [ -77.028012692948394, -12.1283199605754 ], [ -77.030008898050994, -12.128142133326 ] ] ] } },
{ "type": "Feature", "properties": { "fid": 66, "h3_id": "898e62d1983ffff", "total_orders": 624840 }, "geometry": { "type": "Polygon", "coordinates": [ [ [ -77.061684407327704, -11.924505926422899 ], [ -77.062846283912293, -11.926118286853301 ], [ -77.062012954812303, -11.927909575372199 ], [ -77.060017745888103, -11.9280884883086 ], [ -77.058855889487106, -11.9264761246265 ], [ -77.059689221825394, -11.924684851259901 ], [ -77.061684407327704, -11.924505926422899 ] ] ] } },
{ "type": "Feature", "properties": { "fid": 67, "h3_id": "898e62c08b3ffff", "total_orders": 622525 }, "geometry": { "type": "Polygon", "coordinates": [ [ [ -77.027913746278799, -12.0751313119498 ], [ -77.029075837899001, -12.076743752584401 ], [ -77.028242046945493, -12.0785342330002 ], [ -77.026246161186506, -12.0787122577107 ], [ -77.025084089833797, -12.0770998139949 ], [ -77.025917883971204, -12.0753093486498 ], [ -77.027913746278799, -12.0751313119498 ] ] ] } },
{ "type": "Feature", "properties": { "fid": 68, "h3_id": "898e62c080fffff", "total_orders": 616733 }, "geometry": { "type": "Polygon", "coordinates": [ [ [ -77.037716327034303, -12.0828373697352 ], [ -77.0388785410059, -12.084449803459901 ], [ -77.0380447515832, -12.0862403176549 ], [ -77.0360487449869, -12.0864183830728 ], [ -77.034886551264805, -12.084805946266499 ], [ -77.0357203438883, -12.083015447124099 ], [ -77.037716327034303, -12.0828373697352 ] ] ] } },
{ "type": "Feature", "properties": { "fid": 69, "h3_id": "898e62c1897ffff", "total_orders": 616452 }, "geometry": { "type": "Polygon", "coordinates": [ [ [ -77.094443090944694, -12.076053916763801 ], [ -77.095605827118504, -12.0776662962588 ], [ -77.094772179945707, -12.0794572095985 ], [ -77.092775793300703, -12.0796357284534 ], [ -77.091613077266103, -12.078023345825599 ], [ -77.092446727736004, -12.0762324474758 ], [ -77.094443090944694, -12.076053916763801 ] ] ] } },
{ "type": "Feature", "properties": { "fid": 70, "h3_id": "898e62c088fffff", "total_orders": 616109 }, "geometry": { "type": "Polygon", "coordinates": [ [ [ -77.033901416184904, -12.0745971076914 ], [ -77.035063563718495, -12.076209542756301 ], [ -77.034229787202804, -12.0780000646863 ], [ -77.032233859958296, -12.078178136487701 ], [ -77.031071732680601, -12.076565698336401 ], [ -77.031905512390296, -12.0747751914703 ], [ -77.033901416184904, -12.0745971076914 ] ] ] } },
{ "type": "Feature", "properties": { "fid": 71, "h3_id": "898e62c54c3ffff", "total_orders": 615388 }, "geometry": { "type": "Polygon", "coordinates": [ [ [ -77.003102801596498, -12.0996512221672 ], [ -77.004264741400405, -12.1012636915165 ], [ -77.003430833311398, -12.103053910438801 ], [ -77.001434982274901, -12.1032316449314 ], [ -77.000273062789404, -12.101619172544 ], [ -77.001106974020701, -12.0998289687022 ], [ -77.003102801596498, -12.0996512221672 ] ] ] } },
{ "type": "Feature", "properties": { "fid": 72, "h3_id": "898e62c0a0fffff", "total_orders": 613368 }, "geometry": { "type": "Polygon", "coordinates": [ [ [ -77.059825362792196, -12.0928773184547 ], [ -77.060987826123593, -12.0944897342956 ], [ -77.060154059257201, -12.0962803537202 ], [ -77.058157825819706, -12.096458542285999 ], [ -77.056995382696499, -12.0948461233556 ], [ -77.057829152801403, -12.093055518949001 ], [ -77.059825362792196, -12.0928773184547 ] ] ] } },
{ "type": "Feature", "properties": { "fid": 73, "h3_id": "898e62c1ed7ffff", "total_orders": 612684 }, "geometry": { "type": "Polygon", "coordinates": [ [ [ -77.123401900447703, -12.063163597723801 ], [ -77.124564868486601, -12.0647759467236 ], [ -77.123731318852194, -12.0665671003432 ], [ -77.121734797831394, -12.066745889997399 ], [ -77.120571849874196, -12.0651335378297 ], [ -77.121405402854705, -12.0633423991756 ], [ -77.123401900447703, -12.063163597723801 ] ] ] } },
{ "type": "Feature", "properties": { "fid": 74, "h3_id": "898e62c0c63ffff", "total_orders": 610865 }, "geometry": { "type": "Polygon", "coordinates": [ [ [ -77.038903930430394, -12.063853718961299 ], [ -77.040066087668507, -12.0654661466069 ], [ -77.039232349766806, -12.067256744105601 ], [ -77.037236451423198, -12.0674348988922 ], [ -77.036074314429897, -12.065822468145999 ], [ -77.036908055533999, -12.0640318857139 ], [ -77.038903930430394, -12.063853718961299 ] ] ] } },
{ "type": "Feature", "properties": { "fid": 75, "h3_id": "898e62c0c33ffff", "total_orders": 610551 }, "geometry": { "type": "Polygon", "coordinates": [ [ [ -77.029430145227494, -12.0595508689185 ], [ -77.030592195529707, -12.0611633039377 ], [ -77.029758448037001, -12.062953856221601 ], [ -77.027762647054601, -12.063131958404901 ], [ -77.026600617015006, -12.061519520288501 ], [ -77.0274343676939, -12.059728983086 ], [ -77.029430145227494, -12.0595508689185 ] ] ] } },
{ "type": "Feature", "properties": { "fid": 76, "h3_id": "898e62c2263ffff", "total_orders": 605153 }, "geometry": { "type": "Polygon", "coordinates": [ [ [ -77.073915039225497, -11.9886373752556 ], [ -77.075077263840299, -11.990249748465899 ], [ -77.0742437965161, -11.9920408704 ], [ -77.072248101315594, -11.992219604038199 ], [ -77.071085896868794, -11.9906072276278 ], [ -77.071919367453305, -11.988816120779299 ], [ -77.073915039225497, -11.9886373752556 ] ] ] } },
{ "type": "Feature", "properties": { "fid": 77, "h3_id": "898e62c0d07ffff", "total_orders": 600091 }, "geometry": { "type": "Polygon", "coordinates": [ [ [ -77.012452943096406, -12.071361937926801 ], [ -77.013614871737602, -12.0729743914679 ], [ -77.012781056860106, -12.074764785103 ], [ -77.010785310182499, -12.0749427101048 ], [ -77.009623401837999, -12.0733302534911 ], [ -77.010457219873103, -12.0715398749483 ], [ -77.012452943096406, -12.071361937926801 ] ] ] } },
{ "type": "Feature", "properties": { "fid": 78, "h3_id": "898e62c52dbffff", "total_orders": 599185 }, "geometry": { "type": "Polygon", "coordinates": [ [ [ -77.030337277337395, -12.131544866349801 ], [ -77.031499595067203, -12.133157318133399 ], [ -77.030665663967298, -12.134947588202801 ], [ -77.028669411947106, -12.135125391466699 ], [ -77.027507114487094, -12.133512936653799 ], [ -77.028341048776198, -12.1317226816063 ], [ -77.030337277337395, -12.131544866349801 ] ] ] } },
{ "type": "Feature", "properties": { "fid": 79, "h3_id": "898e62c0823ffff", "total_orders": 589633 }, "geometry": { "type": "Polygon", "coordinates": [ [ [ -77.032056773245699, -12.0867744667895 ], [ -77.033218946712594, -12.0883869066732 ], [ -77.032385134784306, -12.090177367928501 ], [ -77.030389146196697, -12.090355374244 ], [ -77.0292269929908, -12.0887429312869 ], [ -77.030060808110207, -12.086952485087799 ], [ -77.032056773245699, -12.0867744667895 ] ] ] } },
{ "type": "Feature", "properties": { "fid": 80, "h3_id": "898e62c0e23ffff", "total_orders": 574114 }, "geometry": { "type": "Polygon", "coordinates": [ [ [ -77.051865171654697, -12.072993647559001 ], [ -77.053027486788295, -12.0746060658141 ], [ -77.052193753700294, -12.076396712171301 ], [ -77.050197702252802, -12.076574925229799 ], [ -77.049035407340199, -12.0749625038726 ], [ -77.049869143652799, -12.073171872559 ], [ -77.051865171654697, -12.072993647559001 ] ] ] } },
{ "type": "Feature", "properties": { "fid": 81, "h3_id": "898e62d1987ffff", "total_orders": 571530 }, "geometry": { "type": "Polygon", "coordinates": [ [ [ -77.058855889487106, -11.9264761246265 ], [ -77.060017745888103, -11.9280884883086 ], [ -77.059184405508901, -11.929879750849899 ], [ -77.057189205493898, -11.930058634554999 ], [ -77.056027369282106, -11.928446267625301 ], [ -77.056860712894803, -11.926655020238201 ], [ -77.058855889487106, -11.9264761246265 ] ] ] } },
{ "type": "Feature", "properties": { "fid": 82, "h3_id": "898e62ced57ffff", "total_orders": 570675 }, "geometry": { "type": "Polygon", "coordinates": [ [ [ -77.010649387579505, -12.177910239039999 ], [ -77.011811681628998, -12.179522717890499 ], [ -77.010977588091507, -12.1813126693167 ], [ -77.008981197346699, -12.1814901268848 ], [ -77.007818923610799, -12.179877645064799 ], [ -77.008653020304806, -12.1780877086463 ], [ -77.010649387579505, -12.177910239039999 ] ] ] } },
{ "type": "Feature", "properties": { "fid": 83, "h3_id": "898e62c222bffff", "total_orders": 569918 }, "geometry": { "type": "Polygon", "coordinates": [ [ [ -77.067928065082796, -11.989173565057101 ], [ -77.069090233968495, -11.990785943820899 ], [ -77.068256752086995, -11.992577024533 ], [ -77.066261098068196, -11.992755711389 ], [ -77.065098949362095, -11.991143329430299 ], [ -77.065932434493902, -11.9893522638106 ], [ -77.067928065082796, -11.989173565057101 ] ] ] } },
{ "type": "Feature", "properties": { "fid": 84, "h3_id": "898e62d4873ffff", "total_orders": 563968 }, "geometry": { "type": "Polygon", "coordinates": [ [ [ -76.886201689898499, -12.013965781350899 ], [ -76.887362186343097, -12.0155783240236 ], [ -76.886528249369107, -12.0173681101037 ], [ -76.884533813007394, -12.017545338220801 ], [ -76.883373337095094, -12.0159327925206 ], [ -76.884207277011001, -12.0141430217309 ], [ -76.886201689898499, -12.013965781350899 ] ] ] } },
{ "type": "Feature", "properties": { "fid": 85, "h3_id": "898e62c7307ffff", "total_orders": 560154 }, "geometry": { "type": "Polygon", "coordinates": [ [ [ -76.972839177036903, -12.0989132509846 ], [ -76.974000821004907, -12.100525747167501 ], [ -76.973166849463396, -12.1023157691249 ], [ -76.971171230861799, -12.102493279782101 ], [ -76.970009607270299, -12.1008807805842 ], [ -76.970843581902599, -12.0990907737442 ], [ -76.972839177036903, -12.0989132509846 ] ] ] } },
{ "type": "Feature", "properties": { "fid": 86, "h3_id": "898e62c08d7ffff", "total_orders": 556836 }, "geometry": { "type": "Polygon", "coordinates": [ [ [ -77.039560776445796, -12.070659758527199 ], [ -77.0407229644739, -12.072272187406799 ], [ -77.039889210467607, -12.0740627622018 ], [ -77.037893265228206, -12.074240893056899 ], [ -77.036731097444601, -12.0726284610826 ], [ -77.037564854654505, -12.070837901348 ], [ -77.039560776445796, -12.070659758527199 ] ] ] } },
{ "type": "Feature", "properties": { "fid": 87, "h3_id": "898e62c0c53ffff", "total_orders": 554545 }, "geometry": { "type": "Polygon", "coordinates": [ [ [ -77.043906212977404, -12.053109877476 ], [ -77.0450683799004, -12.0547222976131 ], [ -77.044234680622495, -12.0565129705183 ], [ -77.0422388112097, -12.056691208217099 ], [ -77.041076664520602, -12.0550787849652 ], [ -77.041910367009194, -12.053288127129401 ], [ -77.043906212977404, -12.053109877476 ] ] ] } },
{ "type": "Feature", "properties": { "fid": 88, "h3_id": "898e62c50c7ffff", "total_orders": 549677 }, "geometry": { "type": "Polygon", "coordinates": [ [ [ -77.002569218195902, -12.125437594635599 ], [ -77.003731245478804, -12.1270500705786 ], [ -77.002897269744494, -12.1288401821266 ], [ -77.000901263584396, -12.1290178026715 ], [ -76.999739256624196, -12.127405323715299 ], [ -77.000573235500198, -12.125615227227501 ], [ -77.002569218195902, -12.125437594635599 ] ] ] } },
{ "type": "Feature", "properties": { "fid": 89, "h3_id": "898e62d1947ffff", "total_orders": 543608 }, "geometry": { "type": "Polygon", "coordinates": [ [ [ -77.071813229268301, -11.935613488526499 ], [ -77.072975243276204, -11.9372258444747 ], [ -77.072141907846699, -11.939017156732801 ], [ -77.070146555152206, -11.939196097911699 ], [ -77.068984561309705, -11.9375837387144 ], [ -77.069817899995002, -11.935792441587401 ], [ -77.071813229268301, -11.935613488526499 ] ] ] } },
{ "type": "Feature", "properties": { "fid": 90, "h3_id": "898e62c7433ffff", "total_orders": 542788 }, "geometry": { "type": "Polygon", "coordinates": [ [ [ -76.9654234042806, -12.0532447226269 ], [ -76.966584812323504, -12.054857212307001 ], [ -76.965750942581295, -12.056647367694801 ], [ -76.963755661717599, -12.0568250182392 ], [ -76.962594274059697, -12.0552125255064 ], [ -76.963428146879195, -12.053422385281999 ], [ -76.9654234042806, -12.0532447226269 ] ] ] } },
{ "type": "Feature", "properties": { "fid": 91, "h3_id": "898e62c5473ffff", "total_orders": 540108 }, "geometry": { "type": "Polygon", "coordinates": [ [ [ -77.001257085372899, -12.111827133837799 ], [ -77.002419051055398, -12.1134396078224 ], [ -77.001585107573405, -12.1152297656137 ], [ -76.999589195268399, -12.1154074343477 ], [ -76.998427249909398, -12.1137949573379 ], [ -76.999261196530597, -12.1120048146194 ], [ -77.001257085372899, -12.111827133837799 ] ] ] } },
{ "type": "Feature", "properties": { "fid": 92, "h3_id": "898e62c566fffff", "total_orders": 537367 }, "geometry": { "type": "Polygon", "coordinates": [ [ [ -77.024020324261997, -12.128675567806001 ], [ -77.025182570644006, -12.130288024818899 ], [ -77.024348633171201, -12.1320782648395 ], [ -77.022352446136793, -12.1322560328155 ], [ -77.021190220036502, -12.1306435727756 ], [ -77.022024160687593, -12.1288533477868 ], [ -77.024020324261997, -12.128675567806001 ] ] ] } },
{ "type": "Feature", "properties": { "fid": 93, "h3_id": "898e62c0abbffff", "total_orders": 535130 }, "geometry": { "type": "Polygon", "coordinates": [ [ [ -77.053179543912705, -12.086605841131201 ], [ -77.054341920630506, -12.088218261608599 ], [ -77.053508155342698, -12.090008862411199 ], [ -77.051512010108596, -12.0901870277055 ], [ -77.050349653610994, -12.0885746041379 ], [ -77.051183422125902, -12.0867840183663 ], [ -77.053179543912705, -12.086605841131201 ] ] ] } },
{ "type": "Feature", "properties": { "fid": 94, "h3_id": "898e62c0c0fffff", "total_orders": 533684 }, "geometry": { "type": "Polygon", "coordinates": [ [ [ -77.035417560782506, -12.0590164323681 ], [ -77.036579666986796, -12.0606288618373 ], [ -77.035745933935402, -12.062419455600001 ], [ -77.033750091482105, -12.062597604818899 ], [ -77.032588005528694, -12.0609851722472 ], [ -77.033421741776493, -12.0591945935592 ], [ -77.035417560782506, -12.0590164323681 ] ] ] } },
{ "type": "Feature", "properties": { "fid": 95, "h3_id": "898e62c5433ffff", "total_orders": 529766 }, "geometry": { "type": "Polygon", "coordinates": [ [ [ -76.992111739551703, -12.110925280524301 ], [ -76.9932736134473, -12.1125377625374 ], [ -76.992439652498803, -12.114327863562 ], [ -76.990443814529698, -12.114505467489201 ], [ -76.989281960975006, -12.112892982457399 ], [ -76.990115925047206, -12.1111028965173 ], [ -76.992111739551703, -12.110925280524301 ] ] ] } },
{ "type": "Feature", "properties": { "fid": 96, "h3_id": "898e62c18b3ffff", "total_orders": 529126 }, "geometry": { "type": "Polygon", "coordinates": [ [ [ -77.091942134789605, -12.0814266154518 ], [ -77.093104866220003, -12.0830389985822 ], [ -77.092271199667593, -12.0848298742173 ], [ -77.090274798390794, -12.085008351733499 ], [ -77.089112087105093, -12.083395965477401 ], [ -77.089945756950399, -12.0816051048308 ], [ -77.091942134789605, -12.0814266154518 ] ] ] } },
{ "type": "Feature", "properties": { "fid": 97, "h3_id": "898e62c0cc3ffff", "total_orders": 526368 }, "geometry": { "type": "Polygon", "coordinates": [ [ [ -77.040419814248907, -12.048272613501901 ], [ -77.041581930151096, -12.049885035415899 ], [ -77.040748235713707, -12.051675704540401 ], [ -77.038752422168102, -12.051853936673499 ], [ -77.037590326505907, -12.050241511642801 ], [ -77.038424024148, -12.0484508575958 ], [ -77.040419814248907, -12.048272613501901 ] ] ] } },
{ "type": "Feature", "properties": { "fid": 98, "h3_id": "898e62c0a8fffff", "total_orders": 525532 }, "geometry": { "type": "Polygon", "coordinates": [ [ [ -77.056009431875296, -12.084637022160701 ], [ -77.057171828807597, -12.086249439543799 ], [ -77.056338074801801, -12.0880400667823 ], [ -77.054341920630506, -12.088218261608599 ], [ -77.053179543912705, -12.086605841131201 ], [ -77.054013301150405, -12.084815228921901 ], [ -77.056009431875296, -12.084637022160701 ] ] ] } },
{ "type": "Feature", "properties": { "fid": 99, "h3_id": "898e62c0993ffff", "total_orders": 523774 }, "geometry": { "type": "Polygon", "coordinates": [ [ [ -77.013437306399595, -12.081570447160599 ], [ -77.014599281228897, -12.0831829025638 ], [ -77.013765442175895, -12.084973261993399 ], [ -77.0117696251327, -12.085151150937101 ], [ -77.010607670599597, -12.083538692470199 ], [ -77.011441512812098, -12.081748348123501 ], [ -77.013437306399595, -12.081570447160599 ] ] ] } },
{ "type": "Feature", "properties": { "fid": 100, "h3_id": "898e62c0833ffff", "total_orders": 514069 }, "geometry": { "type": "Polygon", "coordinates": [ [ [ -77.031728419049102, -12.083371554795001 ], [ -77.032890577119204, -12.084983994113401 ], [ -77.032056773245699, -12.0867744667895 ], [ -77.030060808110207, -12.086952485087799 ], [ -77.028898670301203, -12.085340042693 ], [ -77.0297324773653, -12.0835495850763 ], [ -77.031728419049102, -12.083371554795001 ] ] ] } },
{ "type": "Feature", "properties": { "fid": 101, "h3_id": "898e62c04a3ffff", "total_orders": 510271 }, "geometry": { "type": "Polygon", "coordinates": [ [ [ -77.063255725451199, -12.003323248244101 ], [ -77.064417900136704, -12.0049356358665 ], [ -77.063584371542404, -12.00672663101 ], [ -77.061588665018704, -12.006905223444701 ], [ -77.060426510523499, -12.005292832644701 ], [ -77.061260042360402, -12.0035018525877 ], [ -77.063255725451199, -12.003323248244101 ] ] ] } },
{ "type": "Feature", "properties": { "fid": 102, "h3_id": "898e62d0283ffff", "total_orders": 507013 }, "geometry": { "type": "Polygon", "coordinates": [ [ [ -77.076881988433698, -11.863058686379601 ], [ -77.078043790858302, -11.8646710073028 ], [ -77.077210653308796, -11.8664626268208 ], [ -77.075215710070495, -11.866641910232101 ], [ -77.074053927792505, -11.865029585986401 ], [ -77.074887068604895, -11.863237981652199 ], [ -77.076881988433698, -11.863058686379601 ] ] ] } },
{ "type": "Feature", "properties": { "fid": 103, "h3_id": "898e62c088bffff", "total_orders": 502016 }, "geometry": { "type": "Polygon", "coordinates": [ [ [ -77.036731097444601, -12.0726284610826 ], [ -77.037893265228206, -12.074240893056899 ], [ -77.037059499965295, -12.076031441424799 ], [ -77.035063563718495, -12.076209542756301 ], [ -77.033901416184904, -12.0745971076914 ], [ -77.034735184646806, -12.0728065743857 ], [ -77.036731097444601, -12.0726284610826 ] ] ] } },
{ "type": "Feature", "properties": { "fid": 104, "h3_id": "898e62c080bffff", "total_orders": 500596 }, "geometry": { "type": "Polygon", "coordinates": [ [ [ -77.040546100540396, -12.080868737212899 ], [ -77.041708334755796, -12.082481167851901 ], [ -77.040874556592001, -12.084271708500699 ], [ -77.0388785410059, -12.084449803459901 ], [ -77.037716327034303, -12.0828373697352 ], [ -77.038550108403697, -12.0810468441372 ], [ -77.040546100540396, -12.080868737212899 ] ] ] } },
{ "type": "Feature", "properties": { "fid": 105, "h3_id": "898e62c1d5bffff", "total_orders": 500564 }, "geometry": { "type": "Polygon", "coordinates": [ [ [ -77.091284027096805, -12.074620065363 ], [ -77.092446727736004, -12.0762324474758 ], [ -77.091613077266103, -12.078023345825599 ], [ -77.089616722864093, -12.0782018470677 ], [ -77.088454042370003, -12.076589461823099 ], [ -77.089287696131606, -12.0747985784683 ], [ -77.091284027096805, -12.074620065363 ] ] ] } },
{ "type": "Feature", "properties": { "fid": 106, "h3_id": "898e62c1997ffff", "total_orders": 500063 }, "geometry": { "type": "Polygon", "coordinates": [ [ [ -77.074632942615196, -12.089838747518501 ], [ -77.075795537694603, -12.0914511488567 ], [ -77.074961811239106, -12.0932418775829 ], [ -77.072965486439202, -12.0934201899684 ], [ -77.071802911538995, -12.0918077855262 ], [ -77.0726366412581, -12.090017071802601 ], [ -77.074632942615196, -12.089838747518501 ] ] ] } },
{ "type": "Feature", "properties": { "fid": 107, "h3_id": "898e62ce583ffff", "total_orders": 489611 }, "geometry": { "type": "Polygon", "coordinates": [ [ [ -77.038170812157205, -12.1188346996621 ], [ -77.039333159861997, -12.120447141478 ], [ -77.038499278638497, -12.1222375144265 ], [ -77.036503046506795, -12.1224154305363 ], [ -77.035340719055199, -12.1208029856728 ], [ -77.036174603480902, -12.1190126277472 ], [ -77.038170812157205, -12.1188346996621 ] ] ] } },
{ "type": "Feature", "properties": { "fid": 108, "h3_id": "898e62c0a03ffff", "total_orders": 489030 }, "geometry": { "type": "Polygon", "coordinates": [ [ [ -77.059496673675397, -12.0894742722705 ], [ -77.060659121609604, -12.091086687604999 ], [ -77.059825362792196, -12.0928773184547 ], [ -77.057829152801403, -12.093055518949001 ], [ -77.056666725075402, -12.091443100522101 ], [ -77.057500487130795, -12.089652484693501 ], [ -77.059496673675397, -12.0894742722705 ] ] ] } },
{ "type": "Feature", "properties": { "fid": 109, "h3_id": "898e62c1893ffff", "total_orders": 488874 }, "geometry": { "type": "Polygon", "coordinates": [ [ [ -77.097273102082596, -12.074084431906501 ], [ -77.098435858389905, -12.075696808264601 ], [ -77.097602222559402, -12.0774877479347 ], [ -77.095605827118504, -12.0776662962588 ], [ -77.094443090944694, -12.076053916763801 ], [ -77.095276730077003, -12.074262992081801 ], [ -77.097273102082596, -12.074084431906501 ] ] ] } },
{ "type": "Feature", "properties": { "fid": 110, "h3_id": "898e62c0c07ffff", "total_orders": 485868 }, "geometry": { "type": "Polygon", "coordinates": [ [ [ -77.032259671217403, -12.057582161641401 ], [ -77.033421741776493, -12.0591945935592 ], [ -77.032588005528694, -12.0609851722472 ], [ -77.030592195529707, -12.0611633039377 ], [ -77.029430145227494, -12.0595508689185 ], [ -77.030263884666198, -12.0577603053102 ], [ -77.032259671217403, -12.057582161641401 ] ] ] } },
{ "type": "Feature", "properties": { "fid": 111, "h3_id": "898e62ce5bbffff", "total_orders": 484929 }, "geometry": { "type": "Polygon", "coordinates": [ [ [ -77.035669154025399, -12.124205776920601 ], [ -77.036831496877298, -12.1258182222148 ], [ -77.035997596339996, -12.127608557045599 ], [ -77.034001349751506, -12.127786431560899 ], [ -77.032839027158303, -12.126173983226201 ], [ -77.033672930893701, -12.124383663416801 ], [ -77.035669154025399, -12.124205776920601 ] ] ] } },
{ "type": "Feature", "properties": { "fid": 112, "h3_id": "898e62c0e37ffff", "total_orders": 483780 }, "geometry": { "type": "Polygon", "coordinates": [ [ [ -77.048706864135696, -12.071559451784999 ], [ -77.049869143652799, -12.073171872559 ], [ -77.049035407340199, -12.0749625038726 ], [ -77.047039388290003, -12.0751406993635 ], [ -77.045877128999805, -12.073528275488499 ], [ -77.046710868531605, -12.0717376592235 ], [ -77.048706864135696, -12.071559451784999 ] ] ] } },
{ "type": "Feature", "properties": { "fid": 113, "h3_id": "898e62c09bbffff", "total_orders": 478790 }, "geometry": { "type": "Polygon", "coordinates": [ [ [ -77.011263886459602, -12.090344264410399 ], [ -77.012425871786704, -12.091956724051499 ], [ -77.011592005395897, -12.0937470340938 ], [ -77.009596150520593, -12.0939248694167 ], [ -77.008434185494906, -12.092312406722 ], [ -77.009268055041701, -12.0905221117581 ], [ -77.011263886459602, -12.090344264410399 ] ] ] } },
{ "type": "Feature", "properties": { "fid": 114, "h3_id": "898e62c566bffff", "total_orders": 476989 }, "geometry": { "type": "Polygon", "coordinates": [ [ [ -77.026850426290494, -12.1267075065937 ], [ -77.028012692948394, -12.1283199605754 ], [ -77.027178766717398, -12.1301102272029 ], [ -77.025182570644006, -12.130288024818899 ], [ -77.024020324261997, -12.128675567806001 ], [ -77.024854253676196, -12.126885316208501 ], [ -77.026850426290494, -12.1267075065937 ] ] ] } },
{ "type": "Feature", "properties": { "fid": 115, "h3_id": "898e62c0eafffff", "total_orders": 475921 }, "geometry": { "type": "Polygon", "coordinates": [ [ [ -77.048378328275902, -12.0681563889374 ], [ -77.049540592397904, -12.0697688091161 ], [ -77.048706864135696, -12.071559451784999 ], [ -77.046710868531605, -12.0717376592235 ], [ -77.045548624636695, -12.0701252359409 ], [ -77.046382356117505, -12.0683346083238 ], [ -77.048378328275902, -12.0681563889374 ] ] ] } },
{ "type": "Feature", "properties": { "fid": 116, "h3_id": "898e62c0c8fffff", "total_orders": 473424 }, "geometry": { "type": "Polygon", "coordinates": [ [ [ -77.031603024616501, -12.050776108506099 ], [ -77.032765064388002, -12.0523885390795 ], [ -77.0319313442468, -12.0541791403862 ], [ -77.029935581142993, -12.054357296033601 ], [ -77.028773561628697, -12.0527448623528 ], [ -77.029607284959695, -12.050954276132099 ], [ -77.031603024616501, -12.050776108506099 ] ] ] } },
{ "type": "Feature", "properties": { "fid": 117, "h3_id": "898e62c082fffff", "total_orders": 472617 }, "geometry": { "type": "Polygon", "coordinates": [ [ [ -77.032385134784306, -12.090177367928501 ], [ -77.033547323648193, -12.0917898083653 ], [ -77.032713503664993, -12.0935802581877 ], [ -77.030717491624898, -12.0937582525205 ], [ -77.029555323021796, -12.092145809013401 ], [ -77.030389146196697, -12.090355374244 ], [ -77.032385134784306, -12.090177367928501 ] ] ] } },
{ "type": "Feature", "properties": { "fid": 118, "h3_id": "898e62c08bbffff", "total_orders": 469167 }, "geometry": { "type": "Polygon", "coordinates": [ [ [ -77.031071732680601, -12.076565698336401 ], [ -77.032233859958296, -12.078178136487701 ], [ -77.031400072194103, -12.0799686319692 ], [ -77.029404153961593, -12.0801466742338 ], [ -77.028242046945493, -12.0785342330002 ], [ -77.029075837899001, -12.076743752584401 ], [ -77.031071732680601, -12.076565698336401 ] ] ] } },
{ "type": "Feature", "properties": { "fid": 119, "h3_id": "898e62c0893ffff", "total_orders": 468165 }, "geometry": { "type": "Polygon", "coordinates": [ [ [ -77.033244696174194, -12.0677911614137 ], [ -77.034406812916998, -12.0694035952564 ], [ -77.0335730525088, -12.071194139925799 ], [ -77.031577172163693, -12.071372235682301 ], [ -77.030415075677197, -12.069759798747199 ], [ -77.031248839278206, -12.067969269148 ], [ -77.033244696174194, -12.0677911614137 ] ] ] } },
{ "type": "Feature", "properties": { "fid": 120, "h3_id": "898e62c0ebbffff", "total_orders": 466335 }, "geometry": { "type": "Polygon", "coordinates": [ [ [ -77.050879469590001, -12.0627843891855 ], [ -77.052041738538804, -12.0643968056454 ], [ -77.051208029599707, -12.0661874860418 ], [ -77.049212048487803, -12.0663657349253 ], [ -77.048049799760605, -12.064753315354301 ], [ -77.048883511922497, -12.062962650011 ], [ -77.050879469590001, -12.0627843891855 ] ] ] } },
{ "type": "Feature", "properties": { "fid": 121, "h3_id": "898e62c084bffff", "total_orders": 466223 }, "geometry": { "type": "Polygon", "coordinates": [ [ [ -77.049692515784699, -12.0817685756708 ], [ -77.050854841489198, -12.083380998157701 ], [ -77.050021081024994, -12.0851715953329 ], [ -77.048024991633895, -12.0853497549822 ], [ -77.046862686155706, -12.083737329403199 ], [ -77.047696449840998, -12.0819467472672 ], [ -77.049692515784699, -12.0817685756708 ] ] ] } },
{ "type": "Feature", "properties": { "fid": 122, "h3_id": "898e62c0b27ffff", "total_orders": 462578 }, "geometry": { "type": "Polygon", "coordinates": [ [ [ -77.031525457389705, -12.112562845796001 ], [ -77.032687718383002, -12.1141752923465 ], [ -77.031853838816801, -12.1159656467704 ], [ -77.029857695065203, -12.1161435396081 ], [ -77.028695454337097, -12.1145310900094 ], [ -77.029529337094104, -12.112740750621301 ], [ -77.031525457389705, -12.112562845796001 ] ] ] } },
{ "type": "Feature", "properties": { "fid": 123, "h3_id": "898e62c0ac7ffff", "total_orders": 462476 }, "geometry": { "type": "Polygon", "coordinates": [ [ [ -77.061997906642702, -12.084102307657799 ], [ -77.063160359383104, -12.085714719374 ], [ -77.062326619905306, -12.0875053880601 ], [ -77.060330424443904, -12.087683630007801 ], [ -77.059167991906406, -12.086071215192099 ], [ -77.060001734626198, -12.0842805615284 ], [ -77.061997906642702, -12.084102307657799 ] ] ] } },
{ "type": "Feature", "properties": { "fid": 124, "h3_id": "898e62c0cd7ffff", "total_orders": 462091 }, "geometry": { "type": "Polygon", "coordinates": [ [ [ -77.037261943879003, -12.0468384332494 ], [ -77.038424024148, -12.0484508575958 ], [ -77.037590326505907, -12.050241511642801 ], [ -77.035594545394304, -12.050419726261101 ], [ -77.034432485371198, -12.048807298799201 ], [ -77.035266186212496, -12.0470166598346 ], [ -77.037261943879003, -12.0468384332494 ] ] ] } },
{ "type": "Feature", "properties": { "fid": 125, "h3_id": "898e62c0e33ffff", "total_orders": 460195 }, "geometry": { "type": "Polygon", "coordinates": [ [ [ -77.051536596954605, -12.0695905721744 ], [ -77.052698896692903, -12.0712029898434 ], [ -77.051865171654697, -12.072993647559001 ], [ -77.049869143652799, -12.073171872559 ], [ -77.048706864135696, -12.071559451784999 ], [ -77.049540592397904, -12.0697688091161 ], [ -77.051536596954605, -12.0695905721744 ] ] ] } },
{ "type": "Feature", "properties": { "fid": 126, "h3_id": "898e62c0cdbffff", "total_orders": 459556 }, "geometry": { "type": "Polygon", "coordinates": [ [ [ -77.043249299715796, -12.0463036595378 ], [ -77.044411435852197, -12.047916078330999 ], [ -77.043577752675205, -12.049706773807801 ], [ -77.041581930151096, -12.049885035415899 ], [ -77.040419814248907, -12.048272613501901 ], [ -77.041253500635307, -12.046481933100701 ], [ -77.043249299715796, -12.0463036595378 ] ] ] } },
{ "type": "Feature", "properties": { "fid": 127, "h3_id": "898e62c0e2bffff", "total_orders": 458946 }, "geometry": { "type": "Polygon", "coordinates": [ [ [ -77.055023547176702, -12.0744278232472 ], [ -77.056185897920997, -12.076040238973 ], [ -77.055352168062996, -12.0778309003688 ], [ -77.053356084229506, -12.0780091310003 ], [ -77.052193753700294, -12.076396712171301 ], [ -77.053027486788295, -12.0746060658141 ], [ -77.055023547176702, -12.0744278232472 ] ] ] } },
{ "type": "Feature", "properties": { "fid": 128, "h3_id": "898e62c5647ffff", "total_orders": 457453 }, "geometry": { "type": "Polygon", "coordinates": [ [ [ -77.026193767464306, -12.1199020319974 ], [ -77.027356003321501, -12.121514485098899 ], [ -77.026522093206196, -12.1233047748504 ], [ -77.024525944050595, -12.123482596464299 ], [ -77.023363728469803, -12.121870140325701 ], [ -77.024197641767003, -12.120079865610499 ], [ -77.026193767464306, -12.1199020319974 ] ] ] } },
{ "type": "Feature", "properties": { "fid": 129, "h3_id": "898e62c11a3ffff", "total_orders": 456996 }, "geometry": { "type": "Polygon", "coordinates": [ [ [ -77.109776840389202, -12.0472188516115 ], [ -77.110939620311896, -12.048831209422 ], [ -77.110106081433102, -12.0506223369081 ], [ -77.108109759307695, -12.0508010915888 ], [ -77.106946999491001, -12.0491887306059 ], [ -77.107780541692406, -12.047397618114699 ], [ -77.109776840389202, -12.0472188516115 ] ] ] } },
{ "type": "Feature", "properties": { "fid": 130, "h3_id": "898e62d596bffff", "total_orders": 454470 }, "geometry": { "type": "Polygon", "coordinates": [ [ [ -76.933860191830902, -12.038895544016899 ], [ -76.935021241822795, -12.040508056072101 ], [ -76.934187341550398, -12.0422980596025 ], [ -76.932192388261498, -12.0424755358649 ], [ -76.931031358713497, -12.040863020768199 ], [ -76.931865262009296, -12.0390730324508 ], [ -76.933860191830902, -12.038895544016899 ] ] ] } },
{ "type": "Feature", "properties": { "fid": 131, "h3_id": "898e62c08c7ffff", "total_orders": 454031 }, "geometry": { "type": "Polygon", "coordinates": [ [ [ -77.039889210467607, -12.0740627622018 ], [ -77.041051413891097, -12.0756751916801 ], [ -77.040217651832407, -12.0774657551051 ], [ -77.038221683144599, -12.0776438739948 ], [ -77.037059499965295, -12.076031441424799 ], [ -77.037893265228206, -12.074240893056899 ], [ -77.039889210467607, -12.0740627622018 ] ] ] } },
{ "type": "Feature", "properties": { "fid": 132, "h3_id": "898e62c08cbffff", "total_orders": 453981 }, "geometry": { "type": "Polygon", "coordinates": [ [ [ -77.045877128999805, -12.073528275488499 ], [ -77.047039388290003, -12.0751406993635 ], [ -77.0462056407072, -12.076931304264299 ], [ -77.044209630618397, -12.0771094702396 ], [ -77.043047391560805, -12.0754970432676 ], [ -77.043881142358003, -12.0737064534173 ], [ -77.045877128999805, -12.073528275488499 ] ] ] } },
{ "type": "Feature", "properties": { "fid": 133, "h3_id": "898e62c0a97ffff", "total_orders": 453344 }, "geometry": { "type": "Polygon", "coordinates": [ [ [ -77.052522343091695, -12.0797997659869 ], [ -77.053684689016805, -12.081412185377699 ], [ -77.052850939829099, -12.083202808981699 ], [ -77.050854841489198, -12.083380998157701 ], [ -77.049692515784699, -12.0817685756708 ], [ -77.050526268198197, -12.079977967104201 ], [ -77.052522343091695, -12.0797997659869 ] ] ] } },
{ "type": "Feature", "properties": { "fid": 134, "h3_id": "898e62c09b3ffff", "total_orders": 452107 }, "geometry": { "type": "Polygon", "coordinates": [ [ [ -77.008106105413304, -12.088909649641501 ], [ -77.009268055041701, -12.0905221117581 ], [ -77.008434185494906, -12.092312406722 ], [ -77.006438363168002, -12.0924902244862 ], [ -77.005276433846902, -12.0908777593172 ], [ -77.006110306544201, -12.0890874794365 ], [ -77.008106105413304, -12.088909649641501 ] ] ] } },
{ "type": "Feature", "properties": { "fid": 135, "h3_id": "898e62c236fffff", "total_orders": 451768 }, "geometry": { "type": "Polygon", "coordinates": [ [ [ -77.054439529251198, -12.0058285107387 ], [ -77.055601627959504, -12.0074409070785 ], [ -77.054768073562101, -12.0092318347305 ], [ -77.052772417227501, -12.0094103509477 ], [ -77.051610338726903, -12.007797951439599 ], [ -77.052443896351903, -12.006007038882601 ], [ -77.054439529251198, -12.0058285107387 ] ] ] } },
{ "type": "Feature", "properties": { "fid": 136, "h3_id": "898e62c08c3ffff", "total_orders": 451376 }, "geometry": { "type": "Polygon", "coordinates": [ [ [ -77.042718918695996, -12.0720940270347 ], [ -77.043881142358003, -12.0737064534173 ], [ -77.043047391560805, -12.0754970432676 ], [ -77.041051413891097, -12.0756751916801 ], [ -77.039889210467607, -12.0740627622018 ], [ -77.0407229644739, -12.072272187406799 ], [ -77.042718918695996, -12.0720940270347 ] ] ] } },
{ "type": "Feature", "properties": { "fid": 137, "h3_id": "898e62c0c97ffff", "total_orders": 447310 }, "geometry": { "type": "Polygon", "coordinates": [ [ [ -77.028117007388602, -12.045938813336701 ], [ -77.029278996116204, -12.0475512456301 ], [ -77.028445280838895, -12.049341843138899 ], [ -77.026449573649103, -12.049519993260301 ], [ -77.0252876051849, -12.0479075578577 ], [ -77.026121323645896, -12.046116975443001 ], [ -77.028117007388602, -12.045938813336701 ] ] ] } },
{ "type": "Feature", "properties": { "fid": 138, "h3_id": "898e62c757bffff", "total_orders": 446935 }, "geometry": { "type": "Polygon", "coordinates": [ [ [ -76.957918361028106, -12.069355655004401 ], [ -76.9590797540843, -12.0709681560446 ], [ -76.958245826706502, -12.0727581976767 ], [ -76.956250503206405, -12.0729357231093 ], [ -76.955089130551698, -12.0713232190377 ], [ -76.955923060994294, -12.069533192565 ], [ -76.957918361028106, -12.069355655004401 ] ] ] } },
{ "type": "Feature", "properties": { "fid": 139, "h3_id": "898e62c0843ffff", "total_orders": 446184 }, "geometry": { "type": "Polygon", "coordinates": [ [ [ -77.046534159759105, -12.0803343222439 ], [ -77.047696449840998, -12.0819467472672 ], [ -77.046862686155706, -12.083737329403199 ], [ -77.044866629171594, -12.0839154714721 ], [ -77.043704359321893, -12.082303043357999 ], [ -77.044538126222804, -12.080512476266 ], [ -77.046534159759105, -12.0803343222439 ] ] ] } },
{ "type": "Feature", "properties": { "fid": 140, "h3_id": "898e62c0a9bffff", "total_orders": 446015 }, "geometry": { "type": "Polygon", "coordinates": [ [ [ -77.058510650411407, -12.0792650684495 ], [ -77.059673052156299, -12.080877482190999 ], [ -77.058839317485194, -12.0826681472436 ], [ -77.056843177831794, -12.0828463835244 ], [ -77.055680796295803, -12.081233966681401 ], [ -77.056514534203004, -12.079443316659299 ], [ -77.058510650411407, -12.0792650684495 ] ] ] } },
{ "type": "Feature", "properties": { "fid": 141, "h3_id": "898e62c0883ffff", "total_orders": 440581 }, "geometry": { "type": "Polygon", "coordinates": [ [ [ -77.0335730525088, -12.071194139925799 ], [ -77.034735184646806, -12.0728065743857 ], [ -77.033901416184904, -12.0745971076914 ], [ -77.031905512390296, -12.0747751914703 ], [ -77.030743400508399, -12.073162753921 ], [ -77.031577172163693, -12.071372235682301 ], [ -77.0335730525088, -12.071194139925799 ] ] ] } },
{ "type": "Feature", "properties": { "fid": 142, "h3_id": "898e62c04afffff", "total_orders": 438836 }, "geometry": { "type": "Polygon", "coordinates": [ [ [ -77.063584371542404, -12.00672663101 ], [ -77.064746561616701, -12.008339019432199 ], [ -77.063913024978604, -12.010130003463701 ], [ -77.061917295021502, -12.010308583989801 ], [ -77.060755125137305, -12.0086961923929 ], [ -77.061588665018704, -12.006905223444701 ], [ -77.063584371542404, -12.00672663101 ] ] ] } },
{ "type": "Feature", "properties": { "fid": 143, "h3_id": "898e62c1887ffff", "total_orders": 437074 }, "geometry": { "type": "Polygon", "coordinates": [ [ [ -77.094772179945707, -12.0794572095985 ], [ -77.095934931515004, -12.0810695895991 ], [ -77.095101276301605, -12.082860491584301 ], [ -77.093104866220003, -12.0830389985822 ], [ -77.091942134789605, -12.0814266154518 ], [ -77.092775793300703, -12.0796357284534 ], [ -77.094772179945707, -12.0794572095985 ] ] ] } },
{ "type": "Feature", "properties": { "fid": 144, "h3_id": "898e62c520fffff", "total_orders": 435916 }, "geometry": { "type": "Polygon", "coordinates": [ [ [ -77.022503373647396, -12.144254199357301 ], [ -77.023665661354698, -12.145866660987 ], [ -77.022831680405801, -12.1476568279262 ], [ -77.020835408572097, -12.1478345182148 ], [ -77.019673141151301, -12.1462220535741 ], [ -77.020507125276296, -12.144431901656001 ], [ -77.022503373647396, -12.144254199357301 ] ] ] } },
{ "type": "Feature", "properties": { "fid": 145, "h3_id": "898e62c528fffff", "total_orders": 433039 }, "geometry": { "type": "Polygon", "coordinates": [ [ [ -77.018688359496394, -12.136014171322699 ], [ -77.019850580710795, -12.1376266347983 ], [ -77.019016612706395, -12.1394168099661 ], [ -77.017020420316896, -12.139594506626199 ], [ -77.015858219395298, -12.1379820401348 ], [ -77.016692190569103, -12.1361918799991 ], [ -77.018688359496394, -12.136014171322699 ] ] ] } },
{ "type": "Feature", "properties": { "fid": 146, "h3_id": "898e62c0573ffff", "total_orders": 432764 }, "geometry": { "type": "Polygon", "coordinates": [ [ [ -77.056082324240293, -12.022845027219599 ], [ -77.057244499897607, -12.024457427452701 ], [ -77.056410905269701, -12.026248299350801 ], [ -77.054415131752506, -12.0264267559365 ], [ -77.053252976301806, -12.0248143525501 ], [ -77.054086574160394, -12.023023495731399 ], [ -77.056082324240293, -12.022845027219599 ] ] ] } },
{ "type": "Feature", "properties": { "fid": 147, "h3_id": "898e62c0963ffff", "total_orders": 432384 }, "geometry": { "type": "Polygon", "coordinates": [ [ [ -77.021394117285695, -12.1014535923251 ], [ -77.022556240470706, -12.1030660455475 ], [ -77.021722367464307, -12.104856377846 ], [ -77.019726368098304, -12.1050342418651 ], [ -77.018564265196602, -12.1034217855918 ], [ -77.019398141376399, -12.1016314683504 ], [ -77.021394117285695, -12.1014535923251 ] ] ] } },
{ "type": "Feature", "properties": { "fid": 148, "h3_id": "898e62c0173ffff", "total_orders": 432319 }, "geometry": { "type": "Polygon", "coordinates": [ [ [ -77.058382545685802, -12.0466677119409 ], [ -77.059544829085297, -12.0482801171107 ], [ -77.058711178130594, -12.050070910446401 ], [ -77.0567152405401, -12.050249283555299 ], [ -77.055552977345798, -12.0486368752531 ], [ -77.056386631535602, -12.046846096974599 ], [ -77.058382545685802, -12.0466677119409 ] ] ] } },
{ "type": "Feature", "properties": { "fid": 149, "h3_id": "898e62c3523ffff", "total_orders": 432264 }, "geometry": { "type": "Polygon", "coordinates": [ [ [ -77.084573839864603, -11.9739502075677 ], [ -77.085736114322003, -11.975562566203299 ], [ -77.084902708320797, -11.977353814565401 ], [ -77.082907024582795, -11.977532689207299 ], [ -77.081744770271001, -11.975920327349099 ], [ -77.082578179550396, -11.974129094071699 ], [ -77.084573839864603, -11.9739502075677 ] ] ] } },
{ "type": "Feature", "properties": { "fid": 150, "h3_id": "898e62c0a5bffff", "total_orders": 429773 }, "geometry": { "type": "Polygon", "coordinates": [ [ [ -77.071474081754801, -12.0884046678543 ], [ -77.0726366412581, -12.090017071802601 ], [ -77.071802911538995, -12.0918077855262 ], [ -77.069806619056905, -12.091986080294101 ], [ -77.068644079738604, -12.090373673243 ], [ -77.069477812716002, -12.088582974526901 ], [ -77.071474081754801, -12.0884046678543 ] ] ] } },
{ "type": "Feature", "properties": { "fid": 151, "h3_id": "898e62c5213ffff", "total_orders": 425713 }, "geometry": { "type": "Polygon", "coordinates": [ [ [ -77.021846782157795, -12.1374489084792 ], [ -77.023009039060994, -12.1390613693384 ], [ -77.022175074231498, -12.1408515595336 ], [ -77.020178849322605, -12.141029273842401 ], [ -77.019016612706395, -12.1394168099661 ], [ -77.019850580710795, -12.1376266347983 ], [ -77.021846782157795, -12.1374489084792 ] ] ] } },
{ "type": "Feature", "properties": { "fid": 152, "h3_id": "898e62c0497ffff", "total_orders": 425364 }, "geometry": { "type": "Polygon", "coordinates": [ [ [ -77.065427604893799, -11.994546765953899 ], [ -77.066589768987598, -11.996159148752101 ], [ -77.065756267770197, -11.997950192250199 ], [ -77.063760599211804, -11.998128837859101 ], [ -77.062598455303004, -11.9965164518731 ], [ -77.063431959766405, -11.9947254234661 ], [ -77.065427604893799, -11.994546765953899 ] ] ] } },
{ "type": "Feature", "properties": { "fid": 153, "h3_id": "898e62c08cfffff", "total_orders": 424024 }, "geometry": { "type": "Polygon", "coordinates": [ [ [ -77.043047391560805, -12.0754970432676 ], [ -77.044209630618397, -12.0771094702396 ], [ -77.0433758717693, -12.0789000487168 ], [ -77.041379870651696, -12.0790781851699 ], [ -77.040217651832407, -12.0774657551051 ], [ -77.041051413891097, -12.0756751916801 ], [ -77.043047391560805, -12.0754970432676 ] ] ] } },
{ "type": "Feature", "properties": { "fid": 154, "h3_id": "898e62c1c2fffff", "total_orders": 422596 }, "geometry": { "type": "Polygon", "coordinates": [ [ [ -77.094114009298394, -12.072650613104701 ], [ -77.095276730077003, -12.074262992081801 ], [ -77.094443090944694, -12.076053916763801 ], [ -77.092446727736004, -12.0762324474758 ], [ -77.091284027096805, -12.074620065363 ], [ -77.092117669525607, -12.072829155674 ], [ -77.094114009298394, -12.072650613104701 ] ] ] } },
{ "type": "Feature", "properties": { "fid": 155, "h3_id": "898e62c5653ffff", "total_orders": 421156 }, "geometry": { "type": "Polygon", "coordinates": [ [ [ -77.028695454337097, -12.1145310900094 ], [ -77.029857695065203, -12.1161435396081 ], [ -77.029023804251295, -12.1179338674732 ], [ -77.0270276695219, -12.1181117307019 ], [ -77.025865449064597, -12.1164992780589 ], [ -77.026699343064607, -12.1147089652315 ], [ -77.028695454337097, -12.1145310900094 ] ] ] } },
{ "type": "Feature", "properties": { "fid": 156, "h3_id": "898e62c5617ffff", "total_orders": 421014 }, "geometry": { "type": "Polygon", "coordinates": [ [ [ -77.016718994395504, -12.1155981052384 ], [ -77.017881123205896, -12.1172105660537 ], [ -77.017047203561106, -12.119000810681399 ], [ -77.015051151939105, -12.1191785794426 ], [ -77.013889043422793, -12.1175661155934 ], [ -77.014722966233293, -12.115775886017 ], [ -77.016718994395504, -12.1155981052384 ] ] ] } },
{ "type": "Feature", "properties": { "fid": 157, "h3_id": "898e62c7563ffff", "total_orders": 420120 }, "geometry": { "type": "Polygon", "coordinates": [ [ [ -76.955089130551698, -12.0713232190377 ], [ -76.956250503206405, -12.0729357231093 ], [ -76.955416564692896, -12.074725738168 ], [ -76.953421250463293, -12.074903233993901 ], [ -76.952259898215701, -12.073290726894999 ], [ -76.953093839789304, -12.071500726997501 ], [ -76.955089130551698, -12.0713232190377 ] ] ] } },
{ "type": "Feature", "properties": { "fid": 158, "h3_id": "898e62c733bffff", "total_orders": 418848 }, "geometry": { "type": "Polygon", "coordinates": [ [ [ -76.973166849463396, -12.1023157691249 ], [ -76.974328508829998, -12.103928265898899 ], [ -76.973494529219906, -12.105718276341999 ], [ -76.971498887150702, -12.105895774897 ], [ -76.970337248160405, -12.104283275110999 ], [ -76.971171230861799, -12.102493279782101 ], [ -76.973166849463396, -12.1023157691249 ] ] ] } },
{ "type": "Feature", "properties": { "fid": 159, "h3_id": "898e62c0e17ffff", "total_orders": 416689 }, "geometry": { "type": "Polygon", "coordinates": [ [ [ -77.054037728594494, -12.064218527271199 ], [ -77.055200033153696, -12.065830941229599 ], [ -77.054366327442693, -12.0676216366742 ], [ -77.0523703139432, -12.0677999031124 ], [ -77.051208029599707, -12.0661874860418 ], [ -77.052041738538804, -12.0643968056454 ], [ -77.054037728594494, -12.064218527271199 ] ] ] } },
{ "type": "Feature", "properties": { "fid": 160, "h3_id": "898e62c5447ffff", "total_orders": 410308 }, "geometry": { "type": "Polygon", "coordinates": [ [ [ -77.0040869187509, -12.109859254107301 ], [ -77.005248904750999, -12.1114717250627 ], [ -77.004414972475999, -12.1132619094557 ], [ -77.002419051055398, -12.1134396078224 ], [ -77.001257085372899, -12.111827133837799 ], [ -77.002091020792093, -12.1100369645158 ], [ -77.0040869187509, -12.109859254107301 ] ] ] } },
{ "type": "Feature", "properties": { "fid": 161, "h3_id": "898e62c0c4bffff", "total_orders": 410095 }, "geometry": { "type": "Polygon", "coordinates": [ [ [ -77.047392764763003, -12.057947136078299 ], [ -77.048554982701503, -12.059559554397399 ], [ -77.047721278589805, -12.0613502310598 ], [ -77.045725353321501, -12.0615284743422 ], [ -77.044563155610803, -12.0599160529102 ], [ -77.045396862939199, -12.0581253913089 ], [ -77.047392764763003, -12.057947136078299 ] ] ] } },
{ "type": "Feature", "properties": { "fid": 162, "h3_id": "898e62c2c3bffff", "total_orders": 409220 }, "geometry": { "type": "Polygon", "coordinates": [ [ [ -77.005892208299102, -12.0033027728789 ], [ -77.007053829094104, -12.0049152111926 ], [ -77.006220175364902, -12.006705830090199 ], [ -77.0042248976943, -12.0068839955189 ], [ -77.0030632972002, -12.005271554072801 ], [ -77.003896954074506, -12.003480950330699 ], [ -77.005892208299102, -12.0033027728789 ] ] ] } },
{ "type": "Feature", "properties": { "fid": 163, "h3_id": "898e62c0b3bffff", "total_orders": 409186 }, "geometry": { "type": "Polygon", "coordinates": [ [ [ -77.037185456780506, -12.108626188946999 ], [ -77.038347758287102, -12.110238629388499 ], [ -77.037513901228394, -12.1120290368981 ], [ -77.035517739461596, -12.112206988934201 ], [ -77.034355458208793, -12.1105945454362 ], [ -77.0351893184678, -12.1088041529588 ], [ -77.037185456780506, -12.108626188946999 ] ] ] } },
{ "type": "Feature", "properties": { "fid": 164, "h3_id": "898e62cedbbffff", "total_orders": 406508 }, "geometry": { "type": "Polygon", "coordinates": [ [ [ -76.998343339997106, -12.175572449974499 ], [ -76.999505506539805, -12.177184939842 ], [ -76.998671392341805, -12.1789748194451 ], [ -76.996675108464203, -12.1791521941564 ], [ -76.995512962258502, -12.177539701326801 ], [ -76.996347079592098, -12.1757498367481 ], [ -76.998343339997106, -12.175572449974499 ] ] ] } },
{ "type": "Feature", "properties": { "fid": 165, "h3_id": "898e62c5147ffff", "total_orders": 406264 }, "geometry": { "type": "Polygon", "coordinates": [ [ [ -76.986573026930699, -12.1474504269134 ], [ -76.9877349783997, -12.149062922160599 ], [ -76.9869009112887, -12.150852838691399 ], [ -76.984904889592201, -12.1510302449138 ], [ -76.983742958479297, -12.149417746687 ], [ -76.984577028705402, -12.147627845217601 ], [ -76.986573026930699, -12.1474504269134 ] ] ] } },
{ "type": "Feature", "properties": { "fid": 166, "h3_id": "898e62c0877ffff", "total_orders": 403138 }, "geometry": { "type": "Polygon", "coordinates": [ [ [ -77.0380447515832, -12.0862403176549 ], [ -77.039206980951406, -12.0878527519386 ], [ -77.038373183475301, -12.089643254718601 ], [ -77.036377153428305, -12.0898213081656 ], [ -77.035214944309402, -12.0882088708033 ], [ -77.0360487449869, -12.0864183830728 ], [ -77.0380447515832, -12.0862403176549 ] ] ] } },
{ "type": "Feature", "properties": { "fid": 167, "h3_id": "898e62c0e47ffff", "total_orders": 403107 }, "geometry": { "type": "Polygon", "coordinates": [ [ [ -77.063512913463398, -12.0685208211318 ], [ -77.064675324818694, -12.070133227523201 ], [ -77.063841628824505, -12.0719239680824 ], [ -77.061845518229404, -12.0721022872172 ], [ -77.060683127072096, -12.0704898777102 ], [ -77.061516826310594, -12.0686991521842 ], [ -77.063512913463398, -12.0685208211318 ] ] ] } },
{ "type": "Feature", "properties": { "fid": 168, "h3_id": "898e62c1107ffff", "total_orders": 402734 }, "geometry": { "type": "Polygon", "coordinates": [ [ [ -77.116095129621897, -12.050085978899499 ], [ -77.117257980524201, -12.0516983315221 ], [ -77.116424448306802, -12.053489488982899 ], [ -77.114428061852195, -12.0536682788363 ], [ -77.113265231043997, -12.052055923038999 ], [ -77.114098766594907, -12.050264780563101 ], [ -77.116095129621897, -12.050085978899499 ] ] ] } },
{ "type": "Feature", "properties": { "fid": 169, "h3_id": "898e62c08afffff", "total_orders": 402546 }, "geometry": { "type": "Polygon", "coordinates": [ [ [ -77.028570354952905, -12.081937143256001 ], [ -77.0297324773653, -12.0835495850763 ], [ -77.028898670301203, -12.085340042693 ], [ -77.026902737638295, -12.0855180434252 ], [ -77.025740635492994, -12.083905598529601 ], [ -77.026574445742199, -12.0821151559773 ], [ -77.028570354952905, -12.081937143256001 ] ] ] } },
{ "type": "Feature", "properties": { "fid": 170, "h3_id": "898e62c0c23ffff", "total_orders": 402449 }, "geometry": { "type": "Polygon", "coordinates": [ [ [ -77.029758448037001, -12.062953856221601 ], [ -77.030920513733605, -12.064566291891699 ], [ -77.030086758186798, -12.0663568328393 ], [ -77.028090933755195, -12.0665349230385 ], [ -77.026928888320896, -12.0649224842742 ], [ -77.027762647054601, -12.063131958404901 ], [ -77.029758448037001, -12.062953856221601 ] ] ] } },
{ "type": "Feature", "properties": { "fid": 171, "h3_id": "898e62c7023ffff", "total_orders": 402127 }, "geometry": { "type": "Polygon", "coordinates": [ [ [ -76.968043915836603, -12.080465585147399 ], [ -76.969205447042398, -12.0820780805597 ], [ -76.968371512754402, -12.0838681447746 ], [ -76.966376044177096, -12.0840456984391 ], [ -76.965214533354697, -12.082433199998 ], [ -76.966048470724999, -12.080643150921301 ], [ -76.968043915836603, -12.080465585147399 ] ] ] } },
{ "type": "Feature", "properties": { "fid": 172, "h3_id": "898e62c2a6fffff", "total_orders": 401760 }, "geometry": { "type": "Polygon", "coordinates": [ [ [ -77.036933568593298, -12.043435344279001 ], [ -77.038095633469496, -12.045047767928899 ], [ -77.037261943879003, -12.0468384332494 ], [ -77.035266186212496, -12.0470166598346 ], [ -77.034104141582503, -12.045404233066201 ], [ -77.034937834371604, -12.043613582831201 ], [ -77.036933568593298, -12.043435344279001 ] ] ] } },
{ "type": "Feature", "properties": { "fid": 173, "h3_id": "898e62c0c37ffff", "total_orders": 400815 }, "geometry": { "type": "Polygon", "coordinates": [ [ [ -77.026600617015006, -12.061519520288501 ], [ -77.027762647054601, -12.063131958404901 ], [ -77.026928888320896, -12.0649224842742 ], [ -77.024933096365004, -12.065100556943699 ], [ -77.023771086593598, -12.063488115734099 ], [ -77.024604848508702, -12.061697604948201 ], [ -77.026600617015006, -12.061519520288501 ] ] ] } },
{ "type": "Feature", "properties": { "fid": 174, "h3_id": "898e62c7317ffff", "total_orders": 400740 }, "geometry": { "type": "Polygon", "coordinates": [ [ [ -76.972511511940098, -12.0955107219454 ], [ -76.973673140510002, -12.097123217524899 ], [ -76.972839177036903, -12.0989132509846 ], [ -76.970843581902599, -12.0990907737442 ], [ -76.969681973709498, -12.097478275146701 ], [ -76.970515940272705, -12.0956882568076 ], [ -76.972511511940098, -12.0955107219454 ] ] ] } },
{ "type": "Feature", "properties": { "fid": 175, "h3_id": "898e62c0e27ffff", "total_orders": 400447 }, "geometry": { "type": "Polygon", "coordinates": [ [ [ -77.049035407340199, -12.0749625038726 ], [ -77.050197702252802, -12.076574925229799 ], [ -77.049363957889796, -12.078365545176 ], [ -77.047367915393096, -12.078543728719501 ], [ -77.0462056407072, -12.076931304264299 ], [ -77.047039388290003, -12.0751406993635 ], [ -77.049035407340199, -12.0749625038726 ] ] ] } },
{ "type": "Feature", "properties": { "fid": 176, "h3_id": "898e62c08a7ffff", "total_orders": 400004 }, "geometry": { "type": "Polygon", "coordinates": [ [ [ -77.025412358993293, -12.080502711665501 ], [ -77.026574445742199, -12.0821151559773 ], [ -77.025740635492994, -12.083905598529601 ], [ -77.023744735313798, -12.084083581701 ], [ -77.022582668837799, -12.082471134315099 ], [ -77.023416482266796, -12.080680706832 ], [ -77.025412358993293, -12.080502711665501 ] ] ] } },
{ "type": "Feature", "properties": { "fid": 177, "h3_id": "898e62c0d8bffff", "total_orders": 396423 }, "geometry": { "type": "Polygon", "coordinates": [ [ [ -77.014626213676294, -12.062587793078601 ], [ -77.015788131818596, -12.064200242234399 ], [ -77.014954344276902, -12.0659906850633 ], [ -77.012958635430607, -12.0661686636396 ], [ -77.011796737579701, -12.064556211401101 ], [ -77.0126305282825, -12.0627657836691 ], [ -77.014626213676294, -12.062587793078601 ] ] ] } },
{ "type": "Feature", "properties": { "fid": 178, "h3_id": "898e62c0b0fffff", "total_orders": 395747 }, "geometry": { "type": "Polygon", "coordinates": [ [ [ -77.040015453091002, -12.1066577763459 ], [ -77.041177774845707, -12.1082702137267 ], [ -77.040343929046898, -12.1100606477632 ], [ -77.038347758287102, -12.110238629388499 ], [ -77.037185456780506, -12.108626188946999 ], [ -77.038019305784402, -12.1068357699411 ], [ -77.040015453091002, -12.1066577763459 ] ] ] } },
{ "type": "Feature", "properties": { "fid": 179, "h3_id": "898e62c0c67ffff", "total_orders": 394900 }, "geometry": { "type": "Polygon", "coordinates": [ [ [ -77.036074314429897, -12.065822468145999 ], [ -77.037236451423198, -12.0674348988922 ], [ -77.036402702266201, -12.0692254699816 ], [ -77.034406812916998, -12.0694035952564 ], [ -77.033244696174194, -12.0677911614137 ], [ -77.034078448528803, -12.0660006053927 ], [ -77.036074314429897, -12.065822468145999 ] ] ] } },
{ "type": "Feature", "properties": { "fid": 180, "h3_id": "898e62c74abffff", "total_orders": 393598 }, "geometry": { "type": "Polygon", "coordinates": [ [ [ -76.965095873306097, -12.0498420669882 ], [ -76.966257265955093, -12.051454555896701 ], [ -76.9654234042806, -12.0532447226269 ], [ -76.963428146879195, -12.053422385281999 ], [ -76.962266774615401, -12.051809893317801 ], [ -76.963100639366502, -12.0500197417542 ], [ -76.965095873306097, -12.0498420669882 ] ] ] } },
{ "type": "Feature", "properties": { "fid": 181, "h3_id": "898e62c0b93ffff", "total_orders": 391466 }, "geometry": { "type": "Polygon", "coordinates": [ [ [ -77.035543344696606, -12.0916117844721 ], [ -77.0367055692126, -12.0932242223782 ], [ -77.035871752426701, -12.0950146872487 ], [ -77.033875707926299, -12.095192699165301 ], [ -77.032713503664993, -12.0935802581877 ], [ -77.033547323648193, -12.0917898083653 ], [ -77.035543344696606, -12.0916117844721 ] ] ] } },
{ "type": "Feature", "properties": { "fid": 182, "h3_id": "898e62c22a7ffff", "total_orders": 391456 }, "geometry": { "type": "Polygon", "coordinates": [ [ [ -77.058126413854296, -11.981469027375899 ], [ -77.059288460634903, -11.9830814122553 ], [ -77.058454977062794, -11.9848724587118 ], [ -77.056459443475205, -11.9850511051787 ], [ -77.055297416892003, -11.9834387171048 ], [ -77.056130903697607, -11.9816476857587 ], [ -77.058126413854296, -11.981469027375899 ] ] ] } },
{ "type": "Feature", "properties": { "fid": 183, "h3_id": "898e62c0b23ffff", "total_orders": 390391 }, "geometry": { "type": "Polygon", "coordinates": [ [ [ -77.034355458208793, -12.1105945454362 ], [ -77.035517739461596, -12.112206988934201 ], [ -77.034683871147095, -12.113997369906301 ], [ -77.032687718383002, -12.1141752923465 ], [ -77.031525457389705, -12.112562845796001 ], [ -77.032359328899702, -12.110772479857999 ], [ -77.034355458208793, -12.1105945454362 ] ] ] } },
{ "type": "Feature", "properties": { "fid": 184, "h3_id": "898e62c0eabffff", "total_orders": 389723 }, "geometry": { "type": "Polygon", "coordinates": [ [ [ -77.051208029599707, -12.0661874860418 ], [ -77.0523703139432, -12.0677999031124 ], [ -77.051536596954605, -12.0695905721744 ], [ -77.049540592397904, -12.0697688091161 ], [ -77.048378328275902, -12.0681563889374 ], [ -77.049212048487803, -12.0663657349253 ], [ -77.051208029599707, -12.0661874860418 ] ] ] } },
{ "type": "Feature", "properties": { "fid": 185, "h3_id": "898e62c0ca7ffff", "total_orders": 389644 }, "geometry": { "type": "Polygon", "coordinates": [ [ [ -77.023114629009001, -12.056682202396599 ], [ -77.024276607991595, -12.0582946422797 ], [ -77.023442854131901, -12.0600851643957 ], [ -77.021447118112903, -12.060263231537199 ], [ -77.020285159404807, -12.058650788559 ], [ -77.021118916439903, -12.056860281534499 ], [ -77.023114629009001, -12.056682202396599 ] ] ] } },
{ "type": "Feature", "properties": { "fid": 186, "h3_id": "898e62c050bffff", "total_orders": 388948 }, "geometry": { "type": "Polygon", "coordinates": [ [ [ -77.055753750555098, -12.0194417446677 ], [ -77.0569159108219, -12.0210541441466 ], [ -77.056082324240293, -12.022845027219599 ], [ -77.054086574160394, -12.023023495731399 ], [ -77.052924434100404, -12.0214110930961 ], [ -77.053758023912195, -12.0196202251056 ], [ -77.055753750555098, -12.0194417446677 ] ] ] } },
{ "type": "Feature", "properties": { "fid": 187, "h3_id": "898e62c52abffff", "total_orders": 385317 }, "geometry": { "type": "Polygon", "coordinates": [ [ [ -77.016186441082198, -12.141384655146201 ], [ -77.017348657405705, -12.1429971220353 ], [ -77.016514670109999, -12.144787258927501 ], [ -77.014518463324194, -12.1449649138999 ], [ -77.013356267298903, -12.143352444002099 ], [ -77.014190257759907, -12.1415623221407 ], [ -77.016186441082198, -12.141384655146201 ] ] ] } },
{ "type": "Feature", "properties": { "fid": 188, "h3_id": "898e62c08abffff", "total_orders": 384060 }, "geometry": { "type": "Polygon", "coordinates": [ [ [ -77.031400072194103, -12.0799686319692 ], [ -77.032562214867895, -12.081581070710101 ], [ -77.031728419049102, -12.083371554795001 ], [ -77.0297324773653, -12.0835495850763 ], [ -77.028570354952905, -12.081937143256001 ], [ -77.029404153961593, -12.0801466742338 ], [ -77.031400072194103, -12.0799686319692 ] ] ] } },
{ "type": "Feature", "properties": { "fid": 189, "h3_id": "898e62c0957ffff", "total_orders": 382212 }, "geometry": { "type": "Polygon", "coordinates": [ [ [ -77.023567425828801, -12.0926796921357 ], [ -77.024729538495706, -12.0942921412272 ], [ -77.023895692839503, -12.096082522992599 ], [ -77.021899731338195, -12.0962604406051 ], [ -77.0207376389492, -12.0946479884526 ], [ -77.021571487782296, -12.0928576217488 ], [ -77.023567425828801, -12.0926796921357 ] ] ] } },
{ "type": "Feature", "properties": { "fid": 190, "h3_id": "898e62c56c3ffff", "total_orders": 381410 }, "geometry": { "type": "Polygon", "coordinates": [ [ [ -77.025208834290893, -12.1096937370225 ], [ -77.026371023949295, -12.111306188712 ], [ -77.025537138006896, -12.113096513059199 ], [ -77.023541059224797, -12.113274370671199 ], [ -77.022378889843296, -12.1116619159357 ], [ -77.0232127789657, -12.1098716066343 ], [ -77.025208834290893, -12.1096937370225 ] ] ] } },
{ "type": "Feature", "properties": { "fid": 191, "h3_id": "898e62c236bffff", "total_orders": 380386 }, "geometry": { "type": "Polygon", "coordinates": [ [ [ -77.057268717431498, -12.0038590144519 ], [ -77.058430836341699, -12.0054714076194 ], [ -77.0575972932225, -12.007262361479199 ], [ -77.055601627959504, -12.0074409070785 ], [ -77.054439529251198, -12.0058285107387 ], [ -77.055273075602798, -12.004037571972001 ], [ -77.057268717431498, -12.0038590144519 ] ] ] } },
{ "type": "Feature", "properties": { "fid": 192, "h3_id": "898e62c0bafffff", "total_orders": 380169 }, "geometry": { "type": "Polygon", "coordinates": [ [ [ -77.0308687165642, -12.105757210759201 ], [ -77.032030946759505, -12.107369656344099 ], [ -77.031197083305599, -12.1091600337842 ], [ -77.029200986465497, -12.109337950597199 ], [ -77.028038776535794, -12.1077255019579 ], [ -77.028872643179199, -12.105935139560099 ], [ -77.0308687165642, -12.105757210759201 ] ] ] } },
{ "type": "Feature", "properties": { "fid": 193, "h3_id": "898e62c226fffff", "total_orders": 379379 }, "geometry": { "type": "Polygon", "coordinates": [ [ [ -77.0742437965161, -11.9920408704 ], [ -77.075406036518203, -11.9936532444466 ], [ -77.074572561153303, -11.9954443553285 ], [ -77.0725768425241, -11.995623077081399 ], [ -77.071414622689701, -11.994010699837601 ], [ -77.072248101315594, -11.992219604038199 ], [ -77.0742437965161, -11.9920408704 ] ] ] } },
{ "type": "Feature", "properties": { "fid": 194, "h3_id": "898e62ce59bffff", "total_orders": 377185 }, "geometry": { "type": "Polygon", "coordinates": [ [ [ -77.041000902993105, -12.1168663574951 ], [ -77.042163270945295, -12.1184787962593 ], [ -77.041329400983898, -12.1202691957612 ], [ -77.039333159861997, -12.120447141478 ], [ -77.038170812157205, -12.1188346996621 ], [ -77.039004685325594, -12.1170443151812 ], [ -77.041000902993105, -12.1168663574951 ] ] ] } },
{ "type": "Feature", "properties": { "fid": 195, "h3_id": "898e62c56c7ffff", "total_orders": 376381 }, "geometry": { "type": "Polygon", "coordinates": [ [ [ -77.022378889843296, -12.1116619159357 ], [ -77.023541059224797, -12.113274370671199 ], [ -77.022707162044199, -12.115064668455901 ], [ -77.020711092305703, -12.115242496457499 ], [ -77.0195489432069, -12.11363003868 ], [ -77.0203828435627, -12.111839755943 ], [ -77.022378889843296, -12.1116619159357 ] ] ] } },
{ "type": "Feature", "properties": { "fid": 196, "h3_id": "898e62ce587ffff", "total_orders": 376300 }, "geometry": { "type": "Polygon", "coordinates": [ [ [ -77.035340719055199, -12.1208029856728 ], [ -77.036503046506795, -12.1224154305363 ], [ -77.035669154025399, -12.124205776920601 ], [ -77.033672930893701, -12.124383663416801 ], [ -77.032510623700901, -12.1227712155098 ], [ -77.033344519379796, -12.1209808841502 ], [ -77.035340719055199, -12.1208029856728 ] ] ] } },
{ "type": "Feature", "properties": { "fid": 197, "h3_id": "898e62c72c3ffff", "total_orders": 375779 }, "geometry": { "type": "Polygon", "coordinates": [ [ [ -77.000806784996897, -12.0758320997044 ], [ -77.001968617020694, -12.077444564877901 ], [ -77.001134765362295, -12.0792348639465 ], [ -76.999139078540907, -12.079412682738999 ], [ -76.997977266836898, -12.0778002145064 ], [ -76.998811121633196, -12.076009930540501 ], [ -77.000806784996897, -12.0758320997044 ] ] ] } },
{ "type": "Feature", "properties": { "fid": 198, "h3_id": "898e62c095bffff", "total_orders": 373837 }, "geometry": { "type": "Polygon", "coordinates": [ [ [ -77.029555323021796, -12.092145809013401 ], [ -77.030717491624898, -12.0937582525205 ], [ -77.029883660394404, -12.0955486758481 ], [ -77.027887657372304, -12.095726640613901 ], [ -77.0267255090356, -12.0941141940405 ], [ -77.027559343453206, -12.0923237857677 ], [ -77.029555323021796, -12.092145809013401 ] ] ] } },
{ "type": "Feature", "properties": { "fid": 199, "h3_id": "898e62c0b2bffff", "total_orders": 373309 }, "geometry": { "type": "Polygon", "coordinates": [ [ [ -77.037513901228394, -12.1120290368981 ], [ -77.0386762181341, -12.113641477810001 ], [ -77.037842353020594, -12.1154318738113 ], [ -77.035846167799207, -12.1156098138717 ], [ -77.034683871147095, -12.113997369906301 ], [ -77.035517739461596, -12.112206988934201 ], [ -77.037513901228394, -12.1120290368981 ] ] ] } },
{ "type": "Feature", "properties": { "fid": 200, "h3_id": "898e62c0ddbffff", "total_orders": 372837 }, "geometry": { "type": "Polygon", "coordinates": [ [ [ -77.023442854131901, -12.0600851643957 ], [ -77.024604848508702, -12.061697604948201 ], [ -77.023771086593598, -12.063488115734099 ], [ -77.021775327124502, -12.0636661708793 ], [ -77.020613353021901, -12.062053727234799 ], [ -77.021447118112903, -12.060263231537199 ], [ -77.023442854131901, -12.0600851643957 ] ] ] } },
{ "type": "Feature", "properties": { "fid": 201, "h3_id": "898e62c0b6fffff", "total_orders": 372426 }, "geometry": { "type": "Polygon", "coordinates": [ [ [ -77.043830991549001, -12.1148979591889 ], [ -77.044993379742905, -12.116510394897301 ], [ -77.044159521047604, -12.118300820942 ], [ -77.042163270945295, -12.1184787962593 ], [ -77.041000902993105, -12.1168663574951 ], [ -77.041834764900202, -12.115075946469601 ], [ -77.043830991549001, -12.1148979591889 ] ] ] } },
{ "type": "Feature", "properties": { "fid": 202, "h3_id": "898e62c0a57ffff", "total_orders": 372374 }, "geometry": { "type": "Polygon", "coordinates": [ [ [ -77.065485315855099, -12.088939540748999 ], [ -77.066647819585498, -12.0905519503987 ], [ -77.065814075307799, -12.092342622695 ], [ -77.063817824050105, -12.0925208703274 ], [ -77.0626553405164, -12.090908457579999 ], [ -77.063489088042203, -12.089117800298 ], [ -77.065485315855099, -12.088939540748999 ] ] ] } },
{ "type": "Feature", "properties": { "fid": 203, "h3_id": "898e62c0c83ffff", "total_orders": 371292 }, "geometry": { "type": "Polygon", "coordinates": [ [ [ -77.031274712326393, -12.0473730660252 ], [ -77.032436736704696, -12.0489854959081 ], [ -77.031603024616501, -12.050776108506099 ], [ -77.029607284959695, -12.050954276132099 ], [ -77.028445280838895, -12.049341843138899 ], [ -77.029278996116204, -12.0475512456301 ], [ -77.031274712326393, -12.0473730660252 ] ] ] } },
{ "type": "Feature", "properties": { "fid": 204, "h3_id": "898e62c19b3ffff", "total_orders": 371139 }, "geometry": { "type": "Polygon", "coordinates": [ [ [ -77.072131748673797, -12.0952108922784 ], [ -77.073294338971294, -12.0968232972024 ], [ -77.072460593159505, -12.098613988086701 ], [ -77.070464253789496, -12.098792259045901 ], [ -77.069301683676699, -12.097179851025 ], [ -77.070135432748003, -12.0953891751419 ], [ -77.072131748673797, -12.0952108922784 ] ] ] } },
{ "type": "Feature", "properties": { "fid": 205, "h3_id": "898e62c08dbffff", "total_orders": 370923 }, "geometry": { "type": "Polygon", "coordinates": [ [ [ -77.045548624636695, -12.0701252359409 ], [ -77.046710868531605, -12.0717376592235 ], [ -77.045877128999805, -12.073528275488499 ], [ -77.043881142358003, -12.0737064534173 ], [ -77.042718918695996, -12.0720940270347 ], [ -77.043552661441595, -12.070303425823401 ], [ -77.045548624636695, -12.0701252359409 ] ] ] } },
{ "type": "Feature", "properties": { "fid": 206, "h3_id": "898e62c0eb7ffff", "total_orders": 370921 }, "geometry": { "type": "Polygon", "coordinates": [ [ [ -77.044891637942399, -12.0633191246274 ], [ -77.046053851047503, -12.0649315466885 ], [ -77.045220127617597, -12.0667221856457 ], [ -77.043224187868702, -12.0669003874821 ], [ -77.0420619949968, -12.0652879623151 ], [ -77.042895721639297, -12.063497338417701 ], [ -77.044891637942399, -12.0633191246274 ] ] ] } },
{ "type": "Feature", "properties": { "fid": 207, "h3_id": "898e62c1d53ffff", "total_orders": 368011 }, "geometry": { "type": "Polygon", "coordinates": [ [ [ -77.088125031032803, -12.073186193747899 ], [ -77.089287696131606, -12.0747985784683 ], [ -77.088454042370003, -12.076589461823099 ], [ -77.086457720222199, -12.076767945457799 ], [ -77.085295075274502, -12.0751555576069 ], [ -77.086128732322294, -12.0733646892519 ], [ -77.088125031032803, -12.073186193747899 ] ] ] } },
{ "type": "Feature", "properties": { "fid": 208, "h3_id": "898e62c261bffff", "total_orders": 367527 }, "geometry": { "type": "Polygon", "coordinates": [ [ [ -77.070627870334903, -11.954601867286 ], [ -77.071789941093499, -11.956214231460301 ], [ -77.070956554171502, -11.958005463252199 ], [ -77.0689610932356, -11.958184315752799 ], [ -77.067799042647096, -11.9565719483485 ], [ -77.068632432823094, -11.954780731673701 ], [ -77.070627870334903, -11.954601867286 ] ] ] } },
{ "type": "Feature", "properties": { "fid": 209, "h3_id": "898e62c0e6bffff", "total_orders": 367186 }, "geometry": { "type": "Polygon", "coordinates": [ [ [ -77.064170351533605, -12.0753271042596 ], [ -77.065332793679403, -12.076939511786 ], [ -77.064499081590995, -12.0787302296392 ], [ -77.062502924110106, -12.0789085249391 ], [ -77.061340502161897, -12.077296114303101 ], [ -77.062174217495794, -12.0755054114769 ], [ -77.064170351533605, -12.0753271042596 ] ] ] } },
{ "type": "Feature", "properties": { "fid": 210, "h3_id": "898e62c557bffff", "total_orders": 367040 }, "geometry": { "type": "Polygon", "coordinates": [ [ [ -76.984605874808594, -12.127035720808699 ], [ -76.985767733865799, -12.128648213372401 ], [ -76.984933715160295, -12.1304381997329 ], [ -76.982937834284897, -12.1306156784492 ], [ -76.981775995584997, -12.129003182887899 ], [ -76.982610017401896, -12.1272132116079 ], [ -76.984605874808594, -12.127035720808699 ] ] ] } },
{ "type": "Feature", "properties": { "fid": 211, "h3_id": "898e62c0cabffff", "total_orders": 366138 }, "geometry": { "type": "Polygon", "coordinates": [ [ [ -77.029101849758106, -12.056147870954099 ], [ -77.030263884666198, -12.0577603053102 ], [ -77.029430145227494, -12.0595508689185 ], [ -77.0274343676939, -12.059728983086 ], [ -77.026272353048597, -12.0581165456297 ], [ -77.027106095672906, -12.0563259971061 ], [ -77.029101849758106, -12.056147870954099 ] ] ] } },
{ "type": "Feature", "properties": { "fid": 212, "h3_id": "898e62c569bffff", "total_orders": 365286 }, "geometry": { "type": "Polygon", "coordinates": [ [ [ -77.01889248386, -12.1068245476171 ], [ -77.0200546021603, -12.108437004403999 ], [ -77.019220709863305, -12.1102272986546 ], [ -77.017224696095496, -12.1104051210626 ], [ -77.016062598083906, -12.108792661231799 ], [ -77.016896493550107, -12.107002382037001 ], [ -77.01889248386, -12.1068245476171 ] ] ] } },
{ "type": "Feature", "properties": { "fid": 213, "h3_id": "898e62c5217ffff", "total_orders": 365061 }, "geometry": { "type": "Polygon", "coordinates": [ [ [ -77.019016612706395, -12.1394168099661 ], [ -77.020178849322605, -12.141029273842401 ], [ -77.019344873258007, -12.142819437391401 ], [ -77.017348657405705, -12.1429971220353 ], [ -77.016186441082198, -12.141384655146201 ], [ -77.017020420316896, -12.139594506626199 ], [ -77.019016612706395, -12.1394168099661 ] ] ] } },
{ "type": "Feature", "properties": { "fid": 214, "h3_id": "898e62d596fffff", "total_orders": 364993 }, "geometry": { "type": "Polygon", "coordinates": [ [ [ -76.931031358713497, -12.040863020768199 ], [ -76.932192388261498, -12.0424755358649 ], [ -76.931358476891006, -12.044265512862699 ], [ -76.929363532952706, -12.044442959549199 ], [ -76.928202523854395, -12.0428304414152 ], [ -76.929036438243401, -12.0410404796321 ], [ -76.931031358713497, -12.040863020768199 ] ] ] } },
{ "type": "Feature", "properties": { "fid": 215, "h3_id": "898e62c22a3ffff", "total_orders": 364657 }, "geometry": { "type": "Polygon", "coordinates": [ [ [ -77.060955408454802, -11.9794992821849 ], [ -77.0621174754273, -11.9811116638657 ], [ -77.061284003137104, -11.982902736455101 ], [ -77.059288460634903, -11.9830814122553 ], [ -77.058126413854296, -11.981469027375899 ], [ -77.058959889382606, -11.9796779698951 ], [ -77.060955408454802, -11.9794992821849 ] ] ] } },
{ "type": "Feature", "properties": { "fid": 216, "h3_id": "898e62d1903ffff", "total_orders": 363753 }, "geometry": { "type": "Polygon", "coordinates": [ [ [ -77.065498681652201, -11.932746658764 ], [ -77.066660624559105, -11.934359019136 ], [ -77.065827282623502, -11.936150301126901 ], [ -77.063831994534695, -11.936329207604899 ], [ -77.062670071805002, -11.9347168439861 ], [ -77.063503416985697, -11.932925577136301 ], [ -77.065498681652201, -11.932746658764 ] ] ] } },
{ "type": "Feature", "properties": { "fid": 217, "h3_id": "898e62c2b2bffff", "total_orders": 363234 }, "geometry": { "type": "Polygon", "coordinates": [ [ [ -77.010812484328497, -12.0543475415437 ], [ -77.0119743359962, -12.0559599917366 ], [ -77.011140561409405, -12.0577504421396 ], [ -77.009144931999202, -12.0579284272418 ], [ -77.007983100629403, -12.0563159739614 ], [ -77.008816878370695, -12.0545255386664 ], [ -77.010812484328497, -12.0543475415437 ] ] ] } },
{ "type": "Feature", "properties": { "fid": 218, "h3_id": "898e62ce593ffff", "total_orders": 362025 }, "geometry": { "type": "Polygon", "coordinates": [ [ [ -77.037842353020594, -12.1154318738113 ], [ -77.039004685325594, -12.1170443151812 ], [ -77.038170812157205, -12.1188346996621 ], [ -77.036174603480902, -12.1190126277472 ], [ -77.035012291429197, -12.1174001833266 ], [ -77.035846167799207, -12.1156098138717 ], [ -77.037842353020594, -12.1154318738113 ] ] ] } },
{ "type": "Feature", "properties": { "fid": 219, "h3_id": "898e62c56d3ffff", "total_orders": 360015 }, "geometry": { "type": "Polygon", "coordinates": [ [ [ -77.024880537916303, -12.1062909499733 ], [ -77.026042712175894, -12.107903401167601 ], [ -77.025208834290893, -12.1096937370225 ], [ -77.0232127789657, -12.1098716066343 ], [ -77.022050624983393, -12.1082591523909 ], [ -77.022884506047802, -12.106468831585 ], [ -77.024880537916303, -12.1062909499733 ] ] ] } },
{ "type": "Feature", "properties": { "fid": 220, "h3_id": "898e62c1d03ffff", "total_orders": 360010 }, "geometry": { "type": "Polygon", "coordinates": [ [ [ -77.079306246742803, -12.0756909086306 ], [ -77.080468835975694, -12.0773033022029 ], [ -77.079635156283999, -12.0790941178539 ], [ -77.077638884086994, -12.079272524924299 ], [ -77.076476315022504, -12.0776601282308 ], [ -77.077309997985495, -12.075869327588199 ], [ -77.079306246742803, -12.0756909086306 ] ] ] } },
{ "type": "Feature", "properties": { "fid": 221, "h3_id": "898e62c0c9bffff", "total_orders": 359433 }, "geometry": { "type": "Polygon", "coordinates": [ [ [ -77.034104141582503, -12.045404233066201 ], [ -77.035266186212496, -12.0470166598346 ], [ -77.034432485371198, -12.048807298799201 ], [ -77.032436736704696, -12.0489854959081 ], [ -77.031274712326393, -12.0473730660252 ], [ -77.032108416361595, -12.045582442148 ], [ -77.034104141582503, -12.045404233066201 ] ] ] } },
{ "type": "Feature", "properties": { "fid": 222, "h3_id": "898e62c18a3ffff", "total_orders": 358574 }, "geometry": { "type": "Polygon", "coordinates": [ [ [ -77.092271199667593, -12.0848298742173 ], [ -77.093433946494002, -12.086442257838099 ], [ -77.092600271900295, -12.088233122097799 ], [ -77.090603847185406, -12.088411587751301 ], [ -77.089441120503494, -12.0867992010077 ], [ -77.090274798390794, -12.085008351733499 ], [ -77.092271199667593, -12.0848298742173 ] ] ] } },
{ "type": "Feature", "properties": { "fid": 223, "h3_id": "898e62c0c47ffff", "total_orders": 357967 }, "geometry": { "type": "Polygon", "coordinates": [ [ [ -77.041405100669905, -12.0584818547522 ], [ -77.042567262752996, -12.060094278654701 ], [ -77.0417335441619, -12.0618849138769 ], [ -77.039737660279997, -12.062063110128801 ], [ -77.038575518436303, -12.0604506831185 ], [ -77.039409240233894, -12.0586600629643 ], [ -77.041405100669905, -12.0584818547522 ] ] ] } },
{ "type": "Feature", "properties": { "fid": 224, "h3_id": "898e62c46dbffff", "total_orders": 356587 }, "geometry": { "type": "Polygon", "coordinates": [ [ [ -76.964022891468503, -12.1014132127673 ], [ -76.965184458891002, -12.1030257173884 ], [ -76.964350461952606, -12.104815670957001 ], [ -76.962354894514505, -12.1049931047787 ], [ -76.961193347485704, -12.103380597152 ], [ -76.962027347499998, -12.1015906587093 ], [ -76.964022891468503, -12.1014132127673 ] ] ] } },
{ "type": "Feature", "properties": { "fid": 225, "h3_id": "898e62c546bffff", "total_orders": 356292 }, "geometry": { "type": "Polygon", "coordinates": [ [ [ -77.004743033538304, -12.116664553781201 ], [ -77.005905050337603, -12.118277025746201 ], [ -77.0050711019381, -12.120067187059499 ], [ -77.003075133592603, -12.1202448613431 ], [ -77.001913137110606, -12.1186323863549 ], [ -77.002747088655497, -12.116842240106299 ], [ -77.004743033538304, -12.116664553781201 ] ] ] } },
{ "type": "Feature", "properties": { "fid": 226, "h3_id": "898e62c01afffff", "total_orders": 355919 }, "geometry": { "type": "Polygon", "coordinates": [ [ [ -77.046078782892707, -12.044334649767899 ], [ -77.047240939257705, -12.0459470654362 ], [ -77.046407267345202, -12.047737787254601 ], [ -77.044411435852197, -12.047916078330999 ], [ -77.043249299715796, -12.0463036595378 ], [ -77.044082974842496, -12.044512952793299 ], [ -77.046078782892707, -12.044334649767899 ] ] ] } },
{ "type": "Feature", "properties": { "fid": 227, "h3_id": "898e62c1c67ffff", "total_orders": 355774 }, "geometry": { "type": "Polygon", "coordinates": [ [ [ -77.100103110666197, -12.0721148912709 ], [ -77.101265887101306, -12.0737272644879 ], [ -77.100432262617105, -12.075518230477901 ], [ -77.098435858389905, -12.075696808264601 ], [ -77.097273102082596, -12.074084431906501 ], [ -77.098106729873393, -12.0722934809028 ], [ -77.100103110666197, -12.0721148912709 ] ] ] } },
{ "type": "Feature", "properties": { "fid": 228, "h3_id": "898e62c0a13ffff", "total_orders": 355586 }, "geometry": { "type": "Polygon", "coordinates": [ [ [ -77.059167991906406, -12.086071215192099 ], [ -77.060330424443904, -12.087683630007801 ], [ -77.059496673675397, -12.0894742722705 ], [ -77.057500487130795, -12.089652484693501 ], [ -77.056338074801801, -12.0880400667823 ], [ -77.057171828807597, -12.086249439543799 ], [ -77.059167991906406, -12.086071215192099 ] ] ] } },
{ "type": "Feature", "properties": { "fid": 229, "h3_id": "898e62c0b37ffff", "total_orders": 355469 }, "geometry": { "type": "Polygon", "coordinates": [ [ [ -77.031197083305599, -12.1091600337842 ], [ -77.032359328899702, -12.110772479857999 ], [ -77.031525457389705, -12.112562845796001 ], [ -77.029529337094104, -12.112740750621301 ], [ -77.028367111765306, -12.111128301496199 ], [ -77.029200986465497, -12.109337950597199 ], [ -77.031197083305599, -12.1091600337842 ] ] ] } },
{ "type": "Feature", "properties": { "fid": 230, "h3_id": "898e62c18bbffff", "total_orders": 354884 }, "geometry": { "type": "Polygon", "coordinates": [ [ [ -77.095101276301605, -12.082860491584301 ], [ -77.0962640432668, -12.084472872078299 ], [ -77.0954303800128, -12.086263762697 ], [ -77.093433946494002, -12.086442257838099 ], [ -77.092271199667593, -12.0848298742173 ], [ -77.093104866220003, -12.0830389985822 ], [ -77.095101276301605, -12.082860491584301 ] ] ] } },
{ "type": "Feature", "properties": { "fid": 231, "h3_id": "898e62c5157ffff", "total_orders": 353709 }, "geometry": { "type": "Polygon", "coordinates": [ [ [ -76.986245149907603, -12.144048003883601 ], [ -76.987407085973899, -12.145660498714101 ], [ -76.986573026930699, -12.1474504269134 ], [ -76.984577028705402, -12.147627845217601 ], [ -76.983415112995502, -12.1460153474045 ], [ -76.984249175153195, -12.144225434269901 ], [ -76.986245149907603, -12.144048003883601 ] ] ] } },
{ "type": "Feature", "properties": { "fid": 232, "h3_id": "898e62c1d9bffff", "total_orders": 353602 }, "geometry": { "type": "Polygon", "coordinates": [ [ [ -77.078319562227307, -12.0654812161913 ], [ -77.079482105275204, -12.0670936081079 ], [ -77.078648449714706, -12.068884457775001 ], [ -77.076652247835497, -12.0690629005075 ], [ -77.075489724956597, -12.0674505054607 ], [ -77.076323383786601, -12.0656596708116 ], [ -77.078319562227307, -12.0654812161913 ] ] ] } },
{ "type": "Feature", "properties": { "fid": 233, "h3_id": "898e62c0a87ffff", "total_orders": 352934 }, "geometry": { "type": "Polygon", "coordinates": [ [ [ -77.052850939829099, -12.083202808981699 ], [ -77.054013301150405, -12.084815228921901 ], [ -77.053179543912705, -12.086605841131201 ], [ -77.051183422125902, -12.0867840183663 ], [ -77.050021081024994, -12.0851715953329 ], [ -77.050854841489198, -12.083380998157701 ], [ -77.052850939829099, -12.083202808981699 ] ] ] } },
{ "type": "Feature", "properties": { "fid": 234, "h3_id": "898e62c0dc7ffff", "total_orders": 352164 }, "geometry": { "type": "Polygon", "coordinates": [ [ [ -77.017783849732297, -12.0640222341297 ], [ -77.018945803554999, -12.0656346808622 ], [ -77.018112019179796, -12.0674251387829 ], [ -77.016116277814106, -12.0676031348795 ], [ -77.014954344276902, -12.0659906850633 ], [ -77.015788131818596, -12.064200242234399 ], [ -77.017783849732297, -12.0640222341297 ] ] ] } },
{ "type": "Feature", "properties": { "fid": 235, "h3_id": "898e62c0847ffff", "total_orders": 351755 }, "geometry": { "type": "Polygon", "coordinates": [ [ [ -77.043704359321893, -12.082303043357999 ], [ -77.044866629171594, -12.0839154714721 ], [ -77.044032854218599, -12.0857060271669 ], [ -77.042036806203797, -12.085884139701699 ], [ -77.040874556592001, -12.084271708500699 ], [ -77.041708334755796, -12.082481167851901 ], [ -77.043704359321893, -12.082303043357999 ] ] ] } },
{ "type": "Feature", "properties": { "fid": 236, "h3_id": "898e62c0b97ffff", "total_orders": 350886 }, "geometry": { "type": "Polygon", "coordinates": [ [ [ -77.032713503664993, -12.0935802581877 ], [ -77.033875707926299, -12.095192699165301 ], [ -77.033041879888103, -12.0969831375428 ], [ -77.031045844395095, -12.097161119893 ], [ -77.029883660394404, -12.0955486758481 ], [ -77.030717491624898, -12.0937582525205 ], [ -77.032713503664993, -12.0935802581877 ] ] ] } },
{ "type": "Feature", "properties": { "fid": 237, "h3_id": "898e62c18c7ffff", "total_orders": 350755 }, "geometry": { "type": "Polygon", "coordinates": [ [ [ -77.103920689021507, -12.0803553495234 ], [ -77.105083531764294, -12.081967721102499 ], [ -77.104249894515107, -12.0837586793821 ], [ -77.102253411208594, -12.083937251107701 ], [ -77.101090588587198, -12.0823248763925 ], [ -77.101924229149603, -12.080533933087899 ], [ -77.103920689021507, -12.0803553495234 ] ] ] } },
{ "type": "Feature", "properties": { "fid": 238, "h3_id": "898e62c562bffff", "total_orders": 350609 }, "geometry": { "type": "Polygon", "coordinates": [ [ [ -77.017703643913094, -12.1258061883255 ], [ -77.018865818923999, -12.127418650526099 ], [ -77.018031875099894, -12.1292088604781 ], [ -77.016035753096006, -12.129386593187901 ], [ -77.0148735983786, -12.127774127962599 ], [ -77.015707545370304, -12.1259839330523 ], [ -77.017703643913094, -12.1258061883255 ] ] ] } },
{ "type": "Feature", "properties": { "fid": 239, "h3_id": "898e62c5173ffff", "total_orders": 349914 }, "geometry": { "type": "Polygon", "coordinates": [ [ [ -76.983742958479297, -12.149417746687 ], [ -76.984904889592201, -12.1510302449138 ], [ -76.984070811297599, -12.1528201347059 ], [ -76.982074798778498, -12.152997511208101 ], [ -76.980912888027504, -12.1513850100059 ], [ -76.981746969432507, -12.149595135277 ], [ -76.983742958479297, -12.149417746687 ] ] ] } },
{ "type": "Feature", "properties": { "fid": 240, "h3_id": "898e62c744fffff", "total_orders": 349741 }, "geometry": { "type": "Polygon", "coordinates": [ [ [ -76.980552136239197, -12.0536131224726 ], [ -76.981713692302606, -12.0552255991135 ], [ -76.980879854156896, -12.0570158529487 ], [ -76.978884456843502, -12.0571936149979 ], [ -76.977722921136106, -12.0555811352927 ], [ -76.978556762384798, -12.0537908966026 ], [ -76.980552136239197, -12.0536131224726 ] ] ] } },
{ "type": "Feature", "properties": { "fid": 241, "h3_id": "898e62c5603ffff", "total_orders": 348948 }, "geometry": { "type": "Polygon", "coordinates": [ [ [ -77.019877183890998, -12.1170327676691 ], [ -77.021039348389394, -12.118645225923499 ], [ -77.020205431915798, -12.120435485597399 ], [ -77.018209347771304, -12.120613271970701 ], [ -77.017047203561106, -12.119000810681399 ], [ -77.017881123205896, -12.1172105660537 ], [ -77.019877183890998, -12.1170327676691 ] ] ] } },
{ "type": "Feature", "properties": { "fid": 242, "h3_id": "898e62c0b9bffff", "total_orders": 347659 }, "geometry": { "type": "Polygon", "coordinates": [ [ [ -77.038701622710704, -12.093046180901901 ], [ -77.039863882873107, -12.0946586162669 ], [ -77.039030069289794, -12.096449096180599 ], [ -77.037033992340199, -12.0966271256863 ], [ -77.035871752426701, -12.0950146872487 ], [ -77.0367055692126, -12.0932242223782 ], [ -77.038701622710704, -12.093046180901901 ] ] ] } },
{ "type": "Feature", "properties": { "fid": 243, "h3_id": "898e62c0133ffff", "total_orders": 347549 }, "geometry": { "type": "Polygon", "coordinates": [ [ [ -77.049236779709801, -12.045768744898099 ], [ -77.050398971690399, -12.0473811581214 ], [ -77.049565302997493, -12.049171895008699 ], [ -77.0475694391031, -12.0493502036039 ], [ -77.046407267345202, -12.047737787254601 ], [ -77.047240939257705, -12.0459470654362 ], [ -77.049236779709801, -12.045768744898099 ] ] ] } },
{ "type": "Feature", "properties": { "fid": 244, "h3_id": "898e62c7333ffff", "total_orders": 347418 }, "geometry": { "type": "Polygon", "coordinates": [ [ [ -76.970009607270299, -12.1008807805842 ], [ -76.971171230861799, -12.102493279782101 ], [ -76.970337248160405, -12.104283275110999 ], [ -76.968341638780203, -12.104460756122901 ], [ -76.967180035570905, -12.1028482539141 ], [ -76.9680140213583, -12.101058273704499 ], [ -76.970009607270299, -12.1008807805842 ] ] ] } },
{ "type": "Feature", "properties": { "fid": 245, "h3_id": "898e62c0967ffff", "total_orders": 346952 }, "geometry": { "type": "Polygon", "coordinates": [ [ [ -77.018564265196602, -12.1034217855918 ], [ -77.019726368098304, -12.1050342418651 ], [ -77.01889248386, -12.1068245476171 ], [ -77.016896493550107, -12.107002382037001 ], [ -77.015734410937498, -12.1053899227168 ], [ -77.016568298344396, -12.1035996320237 ], [ -77.018564265196602, -12.1034217855918 ] ] ] } },
{ "type": "Feature", "properties": { "fid": 246, "h3_id": "898e62c2c77ffff", "total_orders": 346936 }, "geometry": { "type": "Polygon", "coordinates": [ [ [ -77.009049115858403, -12.0047370163355 ], [ -77.0102107723377, -12.0063494523932 ], [ -77.009377121758902, -12.008140086441401 ], [ -77.007381811549195, -12.008318269281499 ], [ -77.006220175364902, -12.006705830090199 ], [ -77.007053829094104, -12.0049152111926 ], [ -77.009049115858403, -12.0047370163355 ] ] ] } },
{ "type": "Feature", "properties": { "fid": 247, "h3_id": "898e62c28afffff", "total_orders": 346890 }, "geometry": { "type": "Polygon", "coordinates": [ [ [ -77.001873977617805, -12.024255230642201 ], [ -77.003035634756998, -12.0258676794521 ], [ -77.002201918336795, -12.027658189785001 ], [ -77.000206541637496, -12.0278362361648 ], [ -76.999044904809594, -12.026223784245699 ], [ -76.999878624368506, -12.0244332890561 ], [ -77.001873977617805, -12.024255230642201 ] ] ] } },
{ "type": "Feature", "properties": { "fid": 248, "h3_id": "898e62d1917ffff", "total_orders": 346235 }, "geometry": { "type": "Polygon", "coordinates": [ [ [ -77.062341509638003, -11.9313132145681 ], [ -77.063503416985697, -11.932925577136301 ], [ -77.062670071805002, -11.9347168439861 ], [ -77.060674816035899, -11.9348957331219 ], [ -77.059512928871399, -11.933283367307901 ], [ -77.0603462772916, -11.931492115604099 ], [ -77.062341509638003, -11.9313132145681 ] ] ] } },
{ "type": "Feature", "properties": { "fid": 249, "h3_id": "898e62c5007ffff", "total_orders": 345316 }, "geometry": { "type": "Polygon", "coordinates": [ [ [ -76.997237281464294, -12.132775536694799 ], [ -76.998399283497506, -12.1343880191131 ], [ -76.997565277291102, -12.136178065745799 ], [ -76.995569265917297, -12.1363556148995 ], [ -76.9944072842179, -12.1347431294791 ], [ -76.9952412935572, -12.1329530979071 ], [ -76.997237281464294, -12.132775536694799 ] ] ] } },
{ "type": "Feature", "properties": { "fid": 250, "h3_id": "898e62d5217ffff", "total_orders": 344971 }, "geometry": { "type": "Polygon", "coordinates": [ [ [ -77.002940834644505, -11.972674799793699 ], [ -77.004102316950707, -11.974287229658801 ], [ -77.003268735725499, -11.976077948350101 ], [ -77.001273669053404, -11.9762562219926 ], [ -77.000112207049895, -11.974643788968301 ], [ -77.000945791414594, -11.9728530854608 ], [ -77.002940834644505, -11.972674799793699 ] ] ] } },
{ "type": "Feature", "properties": { "fid": 251, "h3_id": "898e62c0657ffff", "total_orders": 344830 }, "geometry": { "type": "Polygon", "coordinates": [ [ [ -77.100496682180506, -12.0137200252755 ], [ -77.101659252582905, -12.015332382252501 ], [ -77.100825779392807, -12.0171235803101 ], [ -77.098829732492902, -12.017302406357601 ], [ -77.097667182210301, -12.015690046183501 ], [ -77.098500658706499, -12.0138988631592 ], [ -77.100496682180506, -12.0137200252755 ] ] ] } },
{ "type": "Feature", "properties": { "fid": 252, "h3_id": "898e62c1d27ffff", "total_orders": 343419 }, "geometry": { "type": "Polygon", "coordinates": [ [ [ -77.071145259321, -12.0850015392871 ], [ -77.072307803427805, -12.0866139427291 ], [ -77.071474081754801, -12.0884046678543 ], [ -77.069477812716002, -12.088582974526901 ], [ -77.068315288794494, -12.0869705679789 ], [ -77.069149013725195, -12.0851798578644 ], [ -77.071145259321, -12.0850015392871 ] ] ] } },
{ "type": "Feature", "properties": { "fid": 253, "h3_id": "898e62c0e7bffff", "total_orders": 343279 }, "geometry": { "type": "Polygon", "coordinates": [ [ [ -77.063841628824505, -12.0719239680824 ], [ -77.065004055574903, -12.0735363750474 ], [ -77.064170351533605, -12.0753271042596 ], [ -77.062174217495794, -12.0755054114769 ], [ -77.061011810943199, -12.0738930013993 ], [ -77.061845518229404, -12.0721022872172 ], [ -77.063841628824505, -12.0719239680824 ] ] ] } },
{ "type": "Feature", "properties": { "fid": 254, "h3_id": "898e62c280fffff", "total_orders": 343106 }, "geometry": { "type": "Polygon", "coordinates": [ [ [ -77.011017261268407, -12.025155282234699 ], [ -77.012179010088801, -12.026767723318899 ], [ -77.011345311173301, -12.028558290276001 ], [ -77.0093498602822, -12.0287364010175 ], [ -77.008188131755603, -12.0271239568177 ], [ -77.009021833825201, -12.0253334049921 ], [ -77.011017261268407, -12.025155282234699 ] ] ] } },
{ "type": "Feature", "properties": { "fid": 255, "h3_id": "898e62c510fffff", "total_orders": 342662 }, "geometry": { "type": "Polygon", "coordinates": [ [ [ -76.980585074084601, -12.1479826344855 ], [ -76.981746969432507, -12.149595135277 ], [ -76.980912888027504, -12.1513850100059 ], [ -76.978916908168699, -12.151562368875201 ], [ -76.9777550331887, -12.149949865109299 ], [ -76.978589117698405, -12.148160005448601 ], [ -76.980585074084601, -12.1479826344855 ] ] ] } },
{ "type": "Feature", "properties": { "fid": 256, "h3_id": "898e62c1db7ffff", "total_orders": 342427 }, "geometry": { "type": "Polygon", "coordinates": [ [ [ -77.067000198512801, -12.0733580383363 ], [ -77.068162660850405, -12.074970442749001 ], [ -77.067328960059498, -12.076761186986401 ], [ -77.065332793679403, -12.076939511786 ], [ -77.064170351533605, -12.0753271042596 ], [ -77.065004055574903, -12.0735363750474 ], [ -77.067000198512801, -12.0733580383363 ] ] ] } },
{ "type": "Feature", "properties": { "fid": 257, "h3_id": "898e62d197bffff", "total_orders": 341609 }, "geometry": { "type": "Polygon", "coordinates": [ [ [ -77.072141907846699, -11.939017156732801 ], [ -77.073303937237, -11.9406295137039 ], [ -77.072470593768898, -11.942420815099901 ], [ -77.070475217652898, -11.942599744396899 ], [ -77.069313208427801, -11.940987384179699 ], [ -77.070146555152206, -11.939196097911699 ], [ -77.072141907846699, -11.939017156732801 ] ] ] } },
{ "type": "Feature", "properties": { "fid": 258, "h3_id": "898e62c0b6bffff", "total_orders": 340969 }, "geometry": { "type": "Polygon", "coordinates": [ [ [ -77.046661077811194, -12.112929504760899 ], [ -77.0478234862411, -12.1145419374093 ], [ -77.046989638815901, -12.1163323899862 ], [ -77.044993379742905, -12.116510394897301 ], [ -77.043830991549001, -12.1148979591889 ], [ -77.044664842190798, -12.1131075216295 ], [ -77.046661077811194, -12.112929504760899 ] ] ] } },
{ "type": "Feature", "properties": { "fid": 259, "h3_id": "898e62c736fffff", "total_orders": 340869 }, "geometry": { "type": "Polygon", "coordinates": [ [ [ -76.979809296681296, -12.108588218843501 ], [ -76.980971042979803, -12.110200711299001 ], [ -76.980137061501296, -12.111990740423099 ], [ -76.978141330620304, -12.1121682619906 ], [ -76.976979604686093, -12.110555766523801 ], [ -76.977813589267399, -12.108765752500799 ], [ -76.979809296681296, -12.108588218843501 ] ] ] } },
{ "type": "Feature", "properties": { "fid": 260, "h3_id": "898e62c72b3ffff", "total_orders": 340862 }, "geometry": { "type": "Polygon", "coordinates": [ [ [ -76.986003550136104, -12.0788667866452 ], [ -76.987165249710699, -12.0804792657999 ], [ -76.986331358223595, -12.082269455077 ], [ -76.984335764047998, -12.082447150081601 ], [ -76.983174084822096, -12.080834667882399 ], [ -76.984007979421904, -12.079044493723201 ], [ -76.986003550136104, -12.0788667866452 ] ] ] } },
{ "type": "Feature", "properties": { "fid": 261, "h3_id": "898e62c0a4bffff", "total_orders": 339991 }, "geometry": { "type": "Polygon", "coordinates": [ [ [ -77.071802911538995, -12.0918077855262 ], [ -77.072965486439202, -12.0934201899684 ], [ -77.072131748673797, -12.0952108922784 ], [ -77.070135432748003, -12.0953891751419 ], [ -77.068972878032596, -12.093776767599699 ], [ -77.069806619056905, -12.091986080294101 ], [ -77.071802911538995, -12.0918077855262 ] ] ] } },
{ "type": "Feature", "properties": { "fid": 262, "h3_id": "898e62c096fffff", "total_orders": 339841 }, "geometry": { "type": "Polygon", "coordinates": [ [ [ -77.021722367464307, -12.104856377846 ], [ -77.022884506047802, -12.106468831585 ], [ -77.022050624983393, -12.1082591523909 ], [ -77.0200546021603, -12.108437004403999 ], [ -77.01889248386, -12.1068245476171 ], [ -77.019726368098304, -12.1050342418651 ], [ -77.021722367464307, -12.104856377846 ] ] ] } },
{ "type": "Feature", "properties": { "fid": 263, "h3_id": "898e62c0ab3ffff", "total_orders": 339267 }, "geometry": { "type": "Polygon", "coordinates": [ [ [ -77.050021081024994, -12.0851715953329 ], [ -77.051183422125902, -12.0867840183663 ], [ -77.050349653610994, -12.0885746041379 ], [ -77.048353540772098, -12.0887527518403 ], [ -77.0471912198973, -12.0871403257179 ], [ -77.048024991633895, -12.0853497549822 ], [ -77.050021081024994, -12.0851715953329 ] ] ] } },
{ "type": "Feature", "properties": { "fid": 264, "h3_id": "898e62c0c43ffff", "total_orders": 339225 }, "geometry": { "type": "Polygon", "coordinates": [ [ [ -77.044234680622495, -12.0565129705183 ], [ -77.045396862939199, -12.0581253913089 ], [ -77.044563155610803, -12.0599160529102 ], [ -77.042567262752996, -12.060094278654701 ], [ -77.041405100669905, -12.0584818547522 ], [ -77.0422388112097, -12.056691208217099 ], [ -77.044234680622495, -12.0565129705183 ] ] ] } },
{ "type": "Feature", "properties": { "fid": 265, "h3_id": "898e62d0a63ffff", "total_orders": 338180 }, "geometry": { "type": "Polygon", "coordinates": [ [ [ -77.047213411802005, -11.930952820259201 ], [ -77.048375172029907, -11.932565195834901 ], [ -77.047541794618098, -11.9343563652191 ], [ -77.045546653763196, -11.9345351438633 ], [ -77.044384913747507, -11.9329227650534 ], [ -77.045218294373299, -11.931131610833701 ], [ -77.047213411802005, -11.930952820259201 ] ] ] } },
{ "type": "Feature", "properties": { "fid": 266, "h3_id": "898e62c04d3ffff", "total_orders": 337913 }, "geometry": { "type": "Polygon", "coordinates": [ [ [ -77.077401764007803, -11.993474493357899 ], [ -77.078564039559396, -11.9950868650304 ], [ -77.077730567460904, -11.996877990989701 ], [ -77.075734816543104, -11.997056730199199 ], [ -77.074572561153303, -11.9954443553285 ], [ -77.075406036518203, -11.9936532444466 ], [ -77.077401764007803, -11.993474493357899 ] ] ] } },
{ "type": "Feature", "properties": { "fid": 267, "h3_id": "898e62c18c3ffff", "total_orders": 337710 }, "geometry": { "type": "Polygon", "coordinates": [ [ [ -77.106750786868801, -12.078385766866299 ], [ -77.107913649727294, -12.079998135305001 ], [ -77.107080023834698, -12.081789119909701 ], [ -77.105083531764294, -12.081967721102499 ], [ -77.103920689021507, -12.0803553495234 ], [ -77.104754318232096, -12.078564379892001 ], [ -77.106750786868801, -12.078385766866299 ] ] ] } },
{ "type": "Feature", "properties": { "fid": 268, "h3_id": "898e62c0a53ffff", "total_orders": 337561 }, "geometry": { "type": "Polygon", "coordinates": [ [ [ -77.068315288794494, -12.0869705679789 ], [ -77.069477812716002, -12.088582974526901 ], [ -77.068644079738604, -12.090373673243 ], [ -77.066647819585498, -12.0905519503987 ], [ -77.065485315855099, -12.088939540748999 ], [ -77.066319052085305, -12.087148857045401 ], [ -77.068315288794494, -12.0869705679789 ] ] ] } },
{ "type": "Feature", "properties": { "fid": 269, "h3_id": "898e62c099bffff", "total_orders": 337336 }, "geometry": { "type": "Polygon", "coordinates": [ [ [ -77.016595107344401, -12.0830049840557 ], [ -77.017757117860597, -12.084617436990399 ], [ -77.016923281972396, -12.086407811497899 ], [ -77.014927432401805, -12.0865857179929 ], [ -77.013765442175895, -12.084973261993399 ], [ -77.014599281228897, -12.0831829025638 ], [ -77.016595107344401, -12.0830049840557 ] ] ] } },
{ "type": "Feature", "properties": { "fid": 270, "h3_id": "898e62c08d3ffff", "total_orders": 337303 }, "geometry": { "type": "Polygon", "coordinates": [ [ [ -77.042390453174704, -12.068691000042501 ], [ -77.043552661441595, -12.070303425823401 ], [ -77.042718918695996, -12.0720940270347 ], [ -77.0407229644739, -12.072272187406799 ], [ -77.039560776445796, -12.070659758527199 ], [ -77.040394522399794, -12.068869172374299 ], [ -77.042390453174704, -12.068691000042501 ] ] ] } },
{ "type": "Feature", "properties": { "fid": 271, "h3_id": "898e62d19bbffff", "total_orders": 337303 }, "geometry": { "type": "Polygon", "coordinates": [ [ [ -77.059184405508901, -11.929879750849899 ], [ -77.0603462772916, -11.931492115604099 ], [ -77.059512928871399, -11.933283367307901 ], [ -77.057517705433099, -11.933462239106699 ], [ -77.056355853839506, -11.9318498711079 ], [ -77.057189205493898, -11.930058634554999 ], [ -77.059184405508901, -11.929879750849899 ] ] ] } },
{ "type": "Feature", "properties": { "fid": 272, "h3_id": "898e62c0a43ffff", "total_orders": 335703 }, "geometry": { "type": "Polygon", "coordinates": [ [ [ -77.068644079738604, -12.090373673243 ], [ -77.069806619056905, -12.091986080294101 ], [ -77.068972878032596, -12.093776767599699 ], [ -77.066976594435204, -12.093955032845001 ], [ -77.065814075307799, -12.092342622695 ], [ -77.066647819585498, -12.0905519503987 ], [ -77.068644079738604, -12.090373673243 ] ] ] } },
{ "type": "Feature", "properties": { "fid": 273, "h3_id": "898e62c724bffff", "total_orders": 334785 }, "geometry": { "type": "Polygon", "coordinates": [ [ [ -77.007778032668597, -12.085506881707399 ], [ -77.008939966899902, -12.0871193432338 ], [ -77.008106105413304, -12.088909649641501 ], [ -77.006110306544201, -12.0890874794365 ], [ -77.004948392620506, -12.0874750148548 ], [ -77.005782257256996, -12.0856847235335 ], [ -77.007778032668597, -12.085506881707399 ] ] ] } },
{ "type": "Feature", "properties": { "fid": 274, "h3_id": "898e62c11abffff", "total_orders": 333681 }, "geometry": { "type": "Polygon", "coordinates": [ [ [ -77.112935951179395, -12.048652425341301 ], [ -77.114098766594907, -12.050264780563101 ], [ -77.113265231043997, -12.052055923038999 ], [ -77.111268876748497, -12.052234695303399 ], [ -77.110106081433102, -12.0506223369081 ], [ -77.110939620311896, -12.048831209422 ], [ -77.112935951179395, -12.048652425341301 ] ] ] } },
{ "type": "Feature", "properties": { "fid": 275, "h3_id": "898e62c09cbffff", "total_orders": 333398 }, "geometry": { "type": "Polygon", "coordinates": [ [ [ -77.026068919333099, -12.087308474563001 ], [ -77.027231036875193, -12.0889209200301 ], [ -77.026397210513906, -12.0907113397414 ], [ -77.024401263428004, -12.0908892989228 ], [ -77.023239166158405, -12.0892768503877 ], [ -77.024072995700806, -12.0874864457393 ], [ -77.026068919333099, -12.087308474563001 ] ] ] } },
{ "type": "Feature", "properties": { "fid": 276, "h3_id": "898e62c568fffff", "total_orders": 330964 }, "geometry": { "type": "Polygon", "coordinates": [ [ [ -77.016390792569894, -12.1121953887471 ], [ -77.017552905980594, -12.1138078490763 ], [ -77.016718994395504, -12.1155981052384 ], [ -77.014722966233293, -12.115775886017 ], [ -77.013560873116802, -12.114163422651099 ], [ -77.014394787866905, -12.112373181543401 ], [ -77.016390792569894, -12.1121953887471 ] ] ] } },
{ "type": "Feature", "properties": { "fid": 277, "h3_id": "898e62c0b2fffff", "total_orders": 330148 }, "geometry": { "type": "Polygon", "coordinates": [ [ [ -77.034683871147095, -12.113997369906301 ], [ -77.035846167799207, -12.1156098138717 ], [ -77.035012291429197, -12.1174001833266 ], [ -77.033016115209605, -12.117578093785299 ], [ -77.031853838816801, -12.1159656467704 ], [ -77.032687718383002, -12.1141752923465 ], [ -77.034683871147095, -12.113997369906301 ] ] ] } },
{ "type": "Feature", "properties": { "fid": 278, "h3_id": "898e62c0b03ffff", "total_orders": 329519 }, "geometry": { "type": "Polygon", "coordinates": [ [ [ -77.039686984479701, -12.1032548939269 ], [ -77.040849290835794, -12.104867330822101 ], [ -77.040015453091002, -12.1066577763459 ], [ -77.038019305784402, -12.1068357699411 ], [ -77.036857019676603, -12.1052233299823 ], [ -77.037690860625901, -12.1034328994921 ], [ -77.039686984479701, -12.1032548939269 ] ] ] } },
{ "type": "Feature", "properties": { "fid": 279, "h3_id": "898e62c1d2fffff", "total_orders": 329025 }, "geometry": { "type": "Polygon", "coordinates": [ [ [ -77.074304081342405, -12.0864356065464 ], [ -77.075466661025203, -12.0880480073876 ], [ -77.074632942615196, -12.089838747518501 ], [ -77.0726366412581, -12.090017071802601 ], [ -77.071474081754801, -12.0884046678543 ], [ -77.072307803427805, -12.0866139427291 ], [ -77.074304081342405, -12.0864356065464 ] ] ] } },
{ "type": "Feature", "properties": { "fid": 280, "h3_id": "898e62c0837ffff", "total_orders": 327876 }, "geometry": { "type": "Polygon", "coordinates": [ [ [ -77.028898670301203, -12.085340042693 ], [ -77.030060808110207, -12.086952485087799 ], [ -77.0292269929908, -12.0887429312869 ], [ -77.027231036875193, -12.0889209200301 ], [ -77.026068919333099, -12.087308474563001 ], [ -77.026902737638295, -12.0855180434252 ], [ -77.028898670301203, -12.085340042693 ] ] ] } },
{ "type": "Feature", "properties": { "fid": 281, "h3_id": "898e62c0c57ffff", "total_orders": 326828 }, "geometry": { "type": "Polygon", "coordinates": [ [ [ -77.041076664520602, -12.0550787849652 ], [ -77.0422388112097, -12.056691208217099 ], [ -77.041405100669905, -12.0584818547522 ], [ -77.039409240233894, -12.0586600629643 ], [ -77.038247113784394, -12.0570476366017 ], [ -77.03908082753, -12.055257005137801 ], [ -77.041076664520602, -12.0550787849652 ] ] ] } },
{ "type": "Feature", "properties": { "fid": 282, "h3_id": "898e62c0e4fffff", "total_orders": 326751 }, "geometry": { "type": "Polygon", "coordinates": [ [ [ -77.066671444314906, -12.0699548789005 ], [ -77.067833891257294, -12.0715672827488 ], [ -77.067000198512801, -12.0733580383363 ], [ -77.065004055574903, -12.0735363750474 ], [ -77.063841628824505, -12.0719239680824 ], [ -77.064675324818694, -12.070133227523201 ], [ -77.066671444314906, -12.0699548789005 ] ] ] } },
{ "type": "Feature", "properties": { "fid": 283, "h3_id": "898e62c568bffff", "total_orders": 326342 }, "geometry": { "type": "Polygon", "coordinates": [ [ [ -77.019220709863305, -12.1102272986546 ], [ -77.0203828435627, -12.111839755943 ], [ -77.0195489432069, -12.11363003868 ], [ -77.017552905980594, -12.1138078490763 ], [ -77.016390792569894, -12.1121953887471 ], [ -77.017224696095496, -12.1104051210626 ], [ -77.019220709863305, -12.1102272986546 ] ] ] } },
{ "type": "Feature", "properties": { "fid": 284, "h3_id": "898e62c1c17ffff", "total_orders": 326267 }, "geometry": { "type": "Polygon", "coordinates": [ [ [ -77.095956693725896, -12.0604710599103 ], [ -77.097119388455098, -12.0620834341115 ], [ -77.096285784782907, -12.0638744190432 ], [ -77.0942894830809, -12.064053014773201 ], [ -77.093126808485906, -12.0624406374231 ], [ -77.093960415457502, -12.0606496674921 ], [ -77.095956693725896, -12.0604710599103 ] ] ] } },
{ "type": "Feature", "properties": { "fid": 285, "h3_id": "898e62ce5a3ffff", "total_orders": 324815 }, "geometry": { "type": "Polygon", "coordinates": [ [ [ -77.032839027158303, -12.126173983226201 ], [ -77.034001349751506, -12.127786431560899 ], [ -77.033167437959605, -12.129576739808 ], [ -77.031171200379902, -12.129754584697199 ], [ -77.030008898050994, -12.128142133326 ], [ -77.030842813036202, -12.126351840102201 ], [ -77.032839027158303, -12.126173983226201 ] ] ] } },
{ "type": "Feature", "properties": { "fid": 286, "h3_id": "898e62ced17ffff", "total_orders": 324637 }, "geometry": { "type": "Polygon", "coordinates": [ [ [ -77.001501799546602, -12.1770075353778 ], [ -77.002664001826105, -12.178620022573201 ], [ -77.001829890769102, -12.180409917195799 ], [ -76.999833574290193, -12.1805873096037 ], [ -76.998671392341805, -12.1789748194451 ], [ -76.999505506539805, -12.177184939842 ], [ -77.001501799546602, -12.1770075353778 ] ] ] } },
{ "type": "Feature", "properties": { "fid": 287, "h3_id": "898e62c5203ffff", "total_orders": 324462 }, "geometry": { "type": "Polygon", "coordinates": [ [ [ -77.022175074231498, -12.1408515595336 ], [ -77.023337346536593, -12.1424640207842 ], [ -77.022503373647396, -12.144254199357301 ], [ -77.020507125276296, -12.144431901656001 ], [ -77.019344873258007, -12.142819437391401 ], [ -77.020178849322605, -12.141029273842401 ], [ -77.022175074231498, -12.1408515595336 ] ] ] } },
{ "type": "Feature", "properties": { "fid": 288, "h3_id": "898e62c7107ffff", "total_orders": 324076 }, "geometry": { "type": "Polygon", "coordinates": [ [ [ -76.950740192225098, -12.088868002033401 ], [ -76.951901585647207, -12.090480514901 ], [ -76.951067592583797, -12.0922704309325 ], [ -76.949072203043897, -12.0924478189445 ], [ -76.947910830039405, -12.0908353030699 ], [ -76.948744826155902, -12.089045402190401 ], [ -76.950740192225098, -12.088868002033401 ] ] ] } },
{ "type": "Feature", "properties": { "fid": 289, "h3_id": "898e62c0ba3ffff", "total_orders": 324005 }, "geometry": { "type": "Polygon", "coordinates": [ [ [ -77.030540357165293, -12.1023543767453 ], [ -77.0317025719621, -12.103966821829101 ], [ -77.0308687165642, -12.105757210759201 ], [ -77.028872643179199, -12.105935139560099 ], [ -77.027710448648307, -12.104322691419 ], [ -77.028544307235094, -12.102532317534299 ], [ -77.030540357165293, -12.1023543767453 ] ] ] } },
{ "type": "Feature", "properties": { "fid": 290, "h3_id": "898e62c523bffff", "total_orders": 323816 }, "geometry": { "type": "Polygon", "coordinates": [ [ [ -77.019673141151301, -12.1462220535741 ], [ -77.020835408572097, -12.1478345182148 ], [ -77.020001416386606, -12.149624658490101 ], [ -77.018005153607703, -12.149802319101999 ], [ -77.016842906479098, -12.1481898514545 ], [ -77.017676901835898, -12.146399726202 ], [ -77.019673141151301, -12.1462220535741 ] ] ] } },
{ "type": "Feature", "properties": { "fid": 291, "h3_id": "898e62c085bffff", "total_orders": 323332 }, "geometry": { "type": "Polygon", "coordinates": [ [ [ -77.049363957889796, -12.078365545176 ], [ -77.050526268198197, -12.079977967104201 ], [ -77.049692515784699, -12.0817685756708 ], [ -77.047696449840998, -12.0819467472672 ], [ -77.046534159759105, -12.0803343222439 ], [ -77.047367915393096, -12.078543728719501 ], [ -77.049363957889796, -12.078365545176 ] ] ] } },
{ "type": "Feature", "properties": { "fid": 292, "h3_id": "898e62c510bffff", "total_orders": 322942 }, "geometry": { "type": "Polygon", "coordinates": [ [ [ -76.983415112995502, -12.1460153474045 ], [ -76.984577028705402, -12.147627845217601 ], [ -76.983742958479297, -12.149417746687 ], [ -76.981746969432507, -12.149595135277 ], [ -76.980585074084601, -12.1479826344855 ], [ -76.981419147420397, -12.1461927480825 ], [ -76.983415112995502, -12.1460153474045 ] ] ] } },
{ "type": "Feature", "properties": { "fid": 293, "h3_id": "898e62c561bffff", "total_orders": 322017 }, "geometry": { "type": "Polygon", "coordinates": [ [ [ -77.022707162044199, -12.115064668455901 ], [ -77.023869346825094, -12.1166771236713 ], [ -77.023035441586302, -12.1184674099273 ], [ -77.021039348389394, -12.118645225923499 ], [ -77.019877183890998, -12.1170327676691 ], [ -77.020711092305703, -12.115242496457499 ], [ -77.022707162044199, -12.115064668455901 ] ] ] } },
{ "type": "Feature", "properties": { "fid": 294, "h3_id": "898e62c5027ffff", "total_orders": 321681 }, "geometry": { "type": "Polygon", "coordinates": [ [ [ -76.9919052176799, -12.140113147591 ], [ -76.993067194441906, -12.1417256364441 ], [ -76.992233157776596, -12.143515618071 ], [ -76.990237141224, -12.143693095783901 ], [ -76.989075184807007, -12.14208060394 ], [ -76.989909224596303, -12.1402906373742 ], [ -76.9919052176799, -12.140113147591 ] ] ] } },
{ "type": "Feature", "properties": { "fid": 295, "h3_id": "898e62ce4b7ffff", "total_orders": 321105 }, "geometry": { "type": "Polygon", "coordinates": [ [ [ -77.0494911617658, -12.1109609942283 ], [ -77.050653590426094, -12.1125734238127 ], [ -77.049819754275006, -12.114363902910901 ], [ -77.0478234862411, -12.1145419374093 ], [ -77.046661077811194, -12.112929504760899 ], [ -77.047494917183499, -12.111139040678299 ], [ -77.0494911617658, -12.1109609942283 ] ] ] } },
{ "type": "Feature", "properties": { "fid": 296, "h3_id": "898e62c0973ffff", "total_orders": 319984 }, "geometry": { "type": "Polygon", "coordinates": [ [ [ -77.021065874447402, -12.098050795852499 ], [ -77.022227982234199, -12.099663248546101 ], [ -77.021394117285695, -12.1014535923251 ], [ -77.019398141376399, -12.1016314683504 ], [ -77.018236053873096, -12.1000190126029 ], [ -77.019069921994401, -12.0982286838842 ], [ -77.021065874447402, -12.098050795852499 ] ] ] } },
{ "type": "Feature", "properties": { "fid": 297, "h3_id": "898e62c0873ffff", "total_orders": 318358 }, "geometry": { "type": "Polygon", "coordinates": [ [ [ -77.040874556592001, -12.084271708500699 ], [ -77.042036806203797, -12.085884139701699 ], [ -77.041203019987194, -12.0876746689444 ], [ -77.039206980951406, -12.0878527519386 ], [ -77.0380447515832, -12.0862403176549 ], [ -77.0388785410059, -12.084449803459901 ], [ -77.040874556592001, -12.084271708500699 ] ] ] } },
{ "type": "Feature", "properties": { "fid": 298, "h3_id": "898e62c556bffff", "total_orders": 317245 }, "geometry": { "type": "Polygon", "coordinates": [ [ [ -76.984933715160295, -12.1304381997329 ], [ -76.986095589618699, -12.1320506927745 ], [ -76.985261562845807, -12.1338406675267 ], [ -76.983265658501296, -12.1340181341603 ], [ -76.982103804400097, -12.132405638124199 ], [ -76.982937834284897, -12.1306156784492 ], [ -76.984933715160295, -12.1304381997329 ] ] ] } },
{ "type": "Feature", "properties": { "fid": 299, "h3_id": "898e62c0c13ffff", "total_orders": 317184 }, "geometry": { "type": "Polygon", "coordinates": [ [ [ -77.034760836500595, -12.0522103539434 ], [ -77.035922911917098, -12.0538227820867 ], [ -77.035089194970993, -12.055613398474399 ], [ -77.033093399411896, -12.055791571638 ], [ -77.0319313442468, -12.0541791403862 ], [ -77.032765064388002, -12.0523885390795 ], [ -77.034760836500595, -12.0522103539434 ] ] ] } },
{ "type": "Feature", "properties": { "fid": 300, "h3_id": "898e62c0e2fffff", "total_orders": 316677 }, "geometry": { "type": "Polygon", "coordinates": [ [ [ -77.052193753700294, -12.076396712171301 ], [ -77.053356084229506, -12.0780091310003 ], [ -77.052522343091695, -12.0797997659869 ], [ -77.050526268198197, -12.079977967104201 ], [ -77.049363957889796, -12.078365545176 ], [ -77.050197702252802, -12.076574925229799 ], [ -77.052193753700294, -12.076396712171301 ] ] ] } },
{ "type": "Feature", "properties": { "fid": 301, "h3_id": "898e62c560bffff", "total_orders": 316589 }, "geometry": { "type": "Polygon", "coordinates": [ [ [ -77.023035441586302, -12.1184674099273 ], [ -77.024197641767003, -12.120079865610499 ], [ -77.023363728469803, -12.121870140325701 ], [ -77.021367611814199, -12.1220479443166 ], [ -77.020205431915798, -12.120435485597399 ], [ -77.021039348389394, -12.118645225923499 ], [ -77.023035441586302, -12.1184674099273 ] ] ] } },
{ "type": "Feature", "properties": { "fid": 302, "h3_id": "898e62c0bb7ffff", "total_orders": 312865 }, "geometry": { "type": "Polygon", "coordinates": [ [ [ -77.027382128102502, -12.100919869903599 ], [ -77.028544307235094, -12.102532317534299 ], [ -77.027710448648307, -12.104322691419 ], [ -77.025714407744005, -12.104500602622601 ], [ -77.024552248883097, -12.1028881519357 ], [ -77.0253861106535, -12.101097793101401 ], [ -77.027382128102502, -12.100919869903599 ] ] ] } },
{ "type": "Feature", "properties": { "fid": 303, "h3_id": "898e62c2237ffff", "total_orders": 311831 }, "geometry": { "type": "Polygon", "coordinates": [ [ [ -77.061612605162793, -11.9863061805834 ], [ -77.062774702908797, -11.9879185640229 ], [ -77.061941214532197, -11.989709614545299 ], [ -77.059945625168893, -11.989888266526 ], [ -77.058783547614198, -11.9882758798938 ], [ -77.059617039230304, -11.986484844473701 ], [ -77.061612605162793, -11.9863061805834 ] ] ] } },
{ "type": "Feature", "properties": { "fid": 304, "h3_id": "898e62c56dbffff", "total_orders": 310140 }, "geometry": { "type": "Polygon", "coordinates": [ [ [ -77.028038776535794, -12.1077255019579 ], [ -77.029200986465497, -12.109337950597199 ], [ -77.028367111765306, -12.111128301496199 ], [ -77.026371023949295, -12.111306188712 ], [ -77.025208834290893, -12.1096937370225 ], [ -77.026042712175894, -12.107903401167601 ], [ -77.028038776535794, -12.1077255019579 ] ] ] } },
{ "type": "Feature", "properties": { "fid": 305, "h3_id": "898e62c0adbffff", "total_orders": 310110 }, "geometry": { "type": "Polygon", "coordinates": [ [ [ -77.067657728955197, -12.080164324826301 ], [ -77.068820222084099, -12.0817767303311 ], [ -77.067986505200096, -12.083567451832 ], [ -77.065990291934398, -12.0837457528093 ], [ -77.064827818996903, -12.0821333441968 ], [ -77.065661539132506, -12.0803426377148 ], [ -77.067657728955197, -12.080164324826301 ] ] ] } },
{ "type": "Feature", "properties": { "fid": 306, "h3_id": "898e62d5267ffff", "total_orders": 308512 }, "geometry": { "type": "Polygon", "coordinates": [ [ [ -77.007081234446602, -11.9843183811105 ], [ -77.008242798596299, -11.9859308117013 ], [ -77.007409196350693, -11.9877215124062 ], [ -77.005414026807401, -11.9878997673509 ], [ -77.004252482953802, -11.986287333608599 ], [ -77.005086088346204, -11.9844966480732 ], [ -77.007081234446602, -11.9843183811105 ] ] ] } },
{ "type": "Feature", "properties": { "fid": 307, "h3_id": "898e62c547bffff", "total_orders": 308212 }, "geometry": { "type": "Polygon", "coordinates": [ [ [ -77.004414972475999, -12.1132619094557 ], [ -77.005576973875506, -12.114874380922 ], [ -77.004743033538304, -12.116664553781201 ], [ -77.002747088655497, -12.116842240106299 ], [ -77.001585107573405, -12.1152297656137 ], [ -77.002419051055398, -12.1134396078224 ], [ -77.004414972475999, -12.1132619094557 ] ] ] } },
{ "type": "Feature", "properties": { "fid": 308, "h3_id": "898e62c084fffff", "total_orders": 307024 }, "geometry": { "type": "Polygon", "coordinates": [ [ [ -77.046862686155706, -12.083737329403199 ], [ -77.048024991633895, -12.0853497549822 ], [ -77.0471912198973, -12.0871403257179 ], [ -77.045195139464795, -12.087318455833801 ], [ -77.044032854218599, -12.0857060271669 ], [ -77.044866629171594, -12.0839154714721 ], [ -77.046862686155706, -12.083737329403199 ] ] ] } },
{ "type": "Feature", "properties": { "fid": 309, "h3_id": "898e62c0cd3ffff", "total_orders": 303772 }, "geometry": { "type": "Polygon", "coordinates": [ [ [ -77.040091400126101, -12.044869511873999 ], [ -77.041253500635307, -12.046481933100701 ], [ -77.040419814248907, -12.048272613501901 ], [ -77.038424024148, -12.0484508575958 ], [ -77.037261943879003, -12.0468384332494 ], [ -77.038095633469496, -12.045047767928899 ], [ -77.040091400126101, -12.044869511873999 ] ] ] } },
{ "type": "Feature", "properties": { "fid": 310, "h3_id": "898e62c5e5bffff", "total_orders": 303551 }, "geometry": { "type": "Polygon", "coordinates": [ [ [ -76.994528943872794, -12.167332595688199 ], [ -76.995691043862706, -12.168945087579999 ], [ -76.994856942663503, -12.170734975664599 ], [ -76.992860738344206, -12.1709123568219 ], [ -76.9916986586977, -12.1692998619632 ], [ -76.992532763025807, -12.167509988914199 ], [ -76.994528943872794, -12.167332595688199 ] ] ] } },
{ "type": "Feature", "properties": { "fid": 311, "h3_id": "898e62c087bffff", "total_orders": 303012 }, "geometry": { "type": "Polygon", "coordinates": [ [ [ -77.044032854218599, -12.0857060271669 ], [ -77.045195139464795, -12.087318455833801 ], [ -77.044361356459802, -12.089109000119199 ], [ -77.042365284995697, -12.089287100695101 ], [ -77.041203019987194, -12.0876746689444 ], [ -77.042036806203797, -12.085884139701699 ], [ -77.044032854218599, -12.0857060271669 ] ] ] } },
{ "type": "Feature", "properties": { "fid": 312, "h3_id": "898e62c0ccbffff", "total_orders": 302999 }, "geometry": { "type": "Polygon", "coordinates": [ [ [ -77.043577752675205, -12.049706773807801 ], [ -77.044739904204803, -12.051319193278999 ], [ -77.043906212977404, -12.053109877476 ], [ -77.041910367009194, -12.053288127129401 ], [ -77.040748235713707, -12.051675704540401 ], [ -77.041581930151096, -12.049885035415899 ], [ -77.043577752675205, -12.049706773807801 ] ] ] } },
{ "type": "Feature", "properties": { "fid": 313, "h3_id": "898e62c0c5bffff", "total_orders": 301667 }, "geometry": { "type": "Polygon", "coordinates": [ [ [ -77.047064258280201, -12.0545440304341 ], [ -77.048226460824793, -12.056156448108799 ], [ -77.047392764763003, -12.057947136078299 ], [ -77.045396862939199, -12.0581253913089 ], [ -77.044234680622495, -12.0565129705183 ], [ -77.0450683799004, -12.0547222976131 ], [ -77.047064258280201, -12.0545440304341 ] ] ] } },
{ "type": "Feature", "properties": { "fid": 314, "h3_id": "898e62c5c03ffff", "total_orders": 301302 }, "geometry": { "type": "Polygon", "coordinates": [ [ [ -76.960447161119504, -12.1583498421809 ], [ -76.961608898368894, -12.159962363304301 ], [ -76.9607747469001, -12.161752062287 ], [ -76.958778855109799, -12.1619292250626 ], [ -76.957617138268304, -12.160316700990601 ], [ -76.958451292807894, -12.158527017091799 ], [ -76.960447161119504, -12.1583498421809 ] ] ] } },
{ "type": "Feature", "properties": { "fid": 315, "h3_id": "898e62c020bffff", "total_orders": 300144 }, "geometry": { "type": "Polygon", "coordinates": [ [ [ -77.099970796877201, -12.0395145509542 ], [ -77.101133454894807, -12.041126915844099 ], [ -77.100299914102095, -12.042918009549799 ], [ -77.098303711984599, -12.0430967233529 ], [ -77.097141074090999, -12.0414843552911 ], [ -77.097974618189497, -12.0396932765982 ], [ -77.099970796877201, -12.0395145509542 ] ] ] } }
]
}
